year,dr_pgy1,dr_pgy2,dr_total,dr_filled,all_specialties_total,source_url,source_table
2010,141,949,1090,1084,25520,https://www.nrmp.org/wp-content/uploads/2021/07/resultsanddata2010.pdf,Results and Data 2010 Main Residency Match: Table 3 (PDF pp. 15) for offered and total; Table 2 (PDF pp. 13) for filled
2011,143,980,1123,1082,26158,https://www.nrmp.org/wp-content/uploads/2021/07/Main-Match-Results-and-Data-2014.pdf,"Results and Data 2014 Main Residency Match: Table 3 (PDF pp. 20-21; revised, R positions removed from PGY-1) for offered and total; Table 7 (PDF pp. 30-31) for filled"
2012,135,976,1111,1025,26772,https://www.nrmp.org/wp-content/uploads/2022/03/Results-and-Data-2012-Main-Residency-Match-Final.pdf,Results and Data 2012 Main Residency Match: Table 3 (PDF pp. 16-17) for offered and total; Table 2 (PDF pp. 13) for filled
2013,147,979,1126,1063,29171,https://www.nrmp.org/wp-content/uploads/2021/07/Main-Match-Results-and-Data-2014.pdf,"Results and Data 2014 Main Residency Match: Table 3 (PDF pp. 20-21; revised, R positions removed from PGY-1) for offered and total; Table 7 (PDF pp. 30-31) for filled"
2014,137,1008,1145,1071,29671,https://www.nrmp.org/wp-content/uploads/2021/07/Main-Match-Results-and-Data-2014.pdf,Results and Data 2014 Main Residency Match: Table 3 (PDF pp. 20-21) for offered and total; Table 2 (PDF pp. 16-17) for filled
2015,133,999,1132,982,30212,https://www.nrmp.org/wp-content/uploads/2021/07/Main-Match-Results-and-Data-2015_final.pdf,Results and Data 2015 Main Residency Match: Table 3 (PDF pp. 20-21) for offered and total; Table 2 (PDF pp. 16-17) for filled
2016,151,982,1133,1088,30750,https://www.nrmp.org/wp-content/uploads/2021/07/Main-Match-Results-and-Data-2016.pdf,Results and Data 2016 Main Residency Match: Table 3 (PDF pp. 20-21) for offered and total; Table 2 (PDF pp. 16-17) for filled
2017,121,932,1053,1037,31757,https://www.nrmp.org/wp-content/uploads/2021/07/Main-Match-Results-and-Data-2017.pdf,Results and Data 2017 Main Residency Match: Table 3 (PDF pp. 20-21) for offered and total; Table 2 (PDF pp. 16-17) for filled
2018,125,944,1069,1064,33167,https://www.nrmp.org/wp-content/uploads/2021/07/Main-Match-Result-and-Data-2018.pdf,Results and Data 2018 Main Residency Match: Table 3 (PDF pp. 20-21) for offered and total; Table 2 (PDF pp. 16-17) for filled
2019,123,965,1088,1072,35185,https://www.nrmp.org/wp-content/uploads/2021/07/NRMP-Results-and-Data-2019_04112019_final.pdf,Results and Data 2019 Main Residency Match: Table 3 (PDF pp. 20-21) for offered and total; Table 2 (PDF pp. 16-17) for filled
2020,123,990,1113,1083,37256,https://www.nrmp.org/wp-content/uploads/2021/12/MM_Results_and-Data_2020-rev.pdf,Results and Data 2020 Main Residency Match: Table 3 (PDF pp. 18-19) for offered and total; Table 2 (PDF pp. 15-16) for filled
2021,122,986,1108,1097,38106,https://www.nrmp.org/wp-content/uploads/2022/11/MRM-Results_and-Data_2021_revised.pdf,Results and Data 2021 Main Residency Match: Table 3 (PDF pp. 18-19) for offered and total; Table 2 (PDF pp. 15-16) for filled
2022,132,997,1129,1128,39205,https://www.nrmp.org/wp-content/uploads/2022/11/2022-Main-Match-Results-and-Data-Final-Revised.pdf,Results and Data 2022 Main Residency Match: Table 3 (PDF pp. 18-19) for offered and total; Table 2 (PDF pp. 15-16) for filled
2023,143,1006,1149,1149,40375,https://www.nrmp.org/wp-content/uploads/2023/05/2023-Main-Match-Results-and-Data-Book-FINAL.pdf,Results and Data 2023 Main Residency Match: Table 3 (PDF pp. 18-19) for offered and total; Table 2 (PDF pp. 15-16) for filled
2024,145,1017,1162,1158,41503,https://www.nrmp.org/wp-content/uploads/2024/07/2024-Main-Match-Results-and-Data-Final.pdf,Results and Data 2024 Main Residency Match: Table 3 (PDF pp. 28-29) for offered and total; Table 2 (PDF pp. 25-26) for filled
2025,151,1057,1208,1189,43237,https://www.nrmp.org/wp-content/uploads/2025/05/Main_Match_Results_and_Data_20250529_FINAL.pdf,Results and Data 2025 Main Residency Match: Table 3 (PDF pp. 29-30) for offered and total; Table 2 (PDF pp. 26-27) for filled
