anio,problema,porcentaje
1994,"Delincuencia, asaltos y robos",19.0
1994,Pobreza,18.8
1994,Salud,13.44
1994,Empleo,10.9
1994,"Alzas de precios, inflación",9.63
1994,Educación,7.76
1994,Sueldos,6.09
1994,Corrupción,4.88
1994,Vivienda,4.82
1994,Derechos humanos,1.74
1994,Protección del medio ambiente,1.67
1994,Terrorismo,0.87
1994,Protestas y desórdenes callejeros,0.33
1994,No sabe,0.07
1995,"Delincuencia, asaltos y robos",18.33
1995,Pobreza,15.7
1995,Salud,11.24
1995,Empleo,9.45
1995,Educación,8.88
1995,"Alzas de precios, inflación",8.82
1995,Narcotráfico,6.69
1995,Sueldos,6.09
1995,Corrupción,4.92
1995,Vivienda,4.66
1995,Derechos humanos,2.23
1995,Protección del medio ambiente,1.6
1995,"Infraestructura (transporte, movilización, caminos, etc.)",1.03
1995,Terrorismo,0.23
1995,No contesta,0.1
1995,No sabe,0.03
1996,"Delincuencia, asaltos y robos",15.79
1996,Pobreza,15.22
1996,Salud,11.47
1996,Empleo,9.21
1996,"Alzas de precios, inflación",8.18
1996,Educación,7.71
1996,Sueldos,6.38
1996,Narcotráfico,5.32
1996,Sistema judicial,4.95
1996,Vivienda,4.82
1996,Corrupción,4.62
1996,Reformas constitucionales,1.79
1996,Derechos humanos,1.23
1996,"Infraestructura (transporte, movilización, caminos, etc.)",1.2
1996,Protección del medio ambiente,1.13
1996,No contesta,0.53
1996,No sabe,0.47
1997,Pobreza,14.89
1997,"Delincuencia, asaltos y robos",14.16
1997,Empleo,9.64
1997,Salud,9.51
1997,Corrupción,8.24
1997,"Alzas de precios, inflación",7.58
1997,Sueldos,7.05
1997,Educación,6.85
1997,Narcotráfico,5.85
1997,Vivienda,5.32
1997,Sistema judicial,4.52
1997,Reformas constitucionales,1.93
1997,Derechos humanos,1.33
1997,"Infraestructura (transporte, movilización, caminos, etc.)",1.0
1997,No sabe,0.73
1997,Protección del medio ambiente,0.73
1997,No contesta,0.66
1998,"Delincuencia, asaltos y robos",18.75
1998,Salud,13.76
1998,Pobreza,13.46
1998,Empleo,10.9
1998,Educación,7.71
1998,Corrupción,6.62
1998,"Alzas de precios, inflación",5.88
1998,Sueldos,5.88
1998,Narcotráfico,4.72
1998,Sistema judicial,4.39
1998,Vivienda,2.43
1998,Derechos humanos,1.8
1998,Reformas constitucionales,1.23
1998,Protección del medio ambiente,1.16
1998,"Infraestructura (transporte, movilización, caminos, etc.)",0.63
1998,No contesta,0.47
1998,No sabe,0.2
1999,Empleo,20.49
1999,Pobreza,20.06
1999,"Delincuencia, asaltos y robos",17.03
1999,Salud,9.53
1999,Educación,5.7
1999,Sueldos,5.63
1999,Narcotráfico,5.5
1999,Vivienda,3.57
1999,"Alzas de precios, inflación",3.07
1999,Corrupción,2.57
1999,Sistema judicial,1.77
1999,Reformas constitucionales,1.67
1999,Derechos humanos,1.63
1999,Protección del medio ambiente,1.17
1999,"Infraestructura (transporte, movilización, caminos, etc.)",0.5
1999,No contesta,0.1
1999,No sabe,0.03
2000,Empleo,20.83
2000,Pobreza,17.47
2000,"Delincuencia, asaltos y robos",16.07
2000,Salud,9.05
2000,Sueldos,7.62
2000,Narcotráfico,5.99
2000,Educación,5.82
2000,"Alzas de precios, inflación",4.82
2000,Vivienda,3.56
2000,Corrupción,2.36
2000,Sistema judicial,1.83
2000,Derechos humanos,1.4
2000,Protección del medio ambiente,1.4
2000,Reformas constitucionales,1.23
2000,"Infraestructura (transporte, movilización, caminos, etc.)",0.33
2000,No sabe,0.13
2000,No contesta,0.1
2001,Empleo,26.5
2001,Pobreza,16.31
2001,"Delincuencia, asaltos y robos",12.58
2001,Salud,9.79
2001,Sueldos,7.46
2001,Educación,6.26
2001,Narcotráfico,5.13
2001,Vivienda,4.39
2001,"Alzas de precios, inflación",3.6
2001,Corrupción,2.6
2001,Sistema judicial,1.46
2001,Derechos humanos,1.4
2001,Reformas constitucionales,1.26
2001,Protección del medio ambiente,0.87
2001,"Infraestructura (transporte, movilización, caminos, etc.)",0.33
2001,No sabe,0.07
2002,Empleo,23.55
2002,Pobreza,15.81
2002,"Delincuencia, asaltos y robos",14.72
2002,Salud,10.69
2002,Sueldos,6.83
2002,Educación,5.81
2002,Narcotráfico,4.63
2002,Corrupción,4.21
2002,Vivienda,3.7
2002,Sistema judicial,2.93
2002,"Alzas de precios, inflación",2.55
2002,Reformas constitucionales,1.77
2002,Derechos humanos,0.98
2002,Protección del medio ambiente,0.93
2002,"Infraestructura (transporte, movilización, caminos, etc.)",0.53
2002,No contesta,0.24
2002,No sabe,0.11
2003,"Delincuencia, asaltos y robos",20.11
2003,Empleo,15.53
2003,Pobreza,13.63
2003,Salud,10.77
2003,Sueldos,8.05
2003,Educación,7.95
2003,Narcotráfico,5.49
2003,Corrupción,5.22
2003,Vivienda,3.29
2003,"Alzas de precios, inflación",3.12
2003,Sistema judicial,2.96
2003,Reformas constitucionales,1.16
2003,Protección del medio ambiente,1.06
2003,Derechos humanos,1.03
2003,"Infraestructura (transporte, movilización, caminos, etc.)",0.5
2003,No contesta,0.1
2003,No sabe,0.03
2004,"Delincuencia, asaltos y robos",21.55
2004,Empleo,15.86
2004,Pobreza,12.6
2004,Salud,11.04
2004,Sueldos,8.01
2004,Educación,6.78
2004,Corrupción,5.82
2004,Narcotráfico,5.59
2004,Sistema judicial,3.43
2004,Vivienda,3.26
2004,"Alzas de precios, inflación",2.43
2004,Reformas constitucionales,1.1
2004,Derechos humanos,0.9
2004,Protección del medio ambiente,0.73
2004,"Infraestructura (transporte, movilización, caminos, etc.)",0.57
2004,No contesta,0.2
2004,No sabe,0.13
2005,"Delincuencia, asaltos y robos",22.72
2005,Pobreza,13.09
2005,Empleo,12.23
2005,Salud,10.99
2005,Sueldos,8.66
2005,Educación,8.31
2005,Narcotráfico,6.18
2005,Corrupción,3.81
2005,Vivienda,3.81
2005,"Alzas de precios, inflación",3.5
2005,Sistema judicial,2.61
2005,Derechos humanos,1.22
2005,Protección del medio ambiente,0.95
2005,"Infraestructura (transporte, movilización, caminos, etc.)",0.71
2005,Sistema electoral binominal,0.6
2005,No contesta,0.27
2005,Reformas constitucionales,0.27
2005,No sabe,0.09
2006,"Delincuencia, asaltos y robos",26.31
2006,Salud,11.03
2006,Pobreza,10.8
2006,Educación,10.3
2006,Empleo,10.07
2006,Sueldos,7.94
2006,Narcotráfico,5.95
2006,Corrupción,3.99
2006,Vivienda,3.89
2006,Sistema judicial,3.36
2006,"Alzas de precios, inflación",2.89
2006,Sistema electoral binominal,0.93
2006,Derechos humanos,0.8
2006,Protección del medio ambiente,0.8
2006,"Infraestructura (transporte, movilización, caminos, etc.)",0.76
2006,No contesta,0.13
2006,No sabe,0.07
2007,"Delincuencia, asaltos y robos",24.92
2007,Pobreza,12.43
2007,Salud,10.73
2007,Educación,9.2
2007,Empleo,9.04
2007,Sueldos,8.34
2007,Narcotráfico,6.98
2007,"Alzas de precios, inflación",4.25
2007,"Infraestructura (transporte, movilización, caminos, etc.)",3.42
2007,Vivienda,3.09
2007,Corrupción,2.69
2007,Sistema judicial,2.26
2007,Protección del medio ambiente,1.36
2007,Sistema electoral binominal,0.6
2007,Derechos humanos,0.53
2007,No contesta,0.1
2007,No sabe,0.07
2008,"Delincuencia, asaltos y robos",19.37
2008,"Alzas de precios, inflación",12.79
2008,Educación,10.17
2008,Salud,10.17
2008,Pobreza,9.67
2008,Sueldos,9.53
2008,Empleo,8.27
2008,Narcotráfico,6.18
2008,Corrupción,4.15
2008,Sistema judicial,2.89
2008,Vivienda,2.89
2008,Protección del medio ambiente,1.5
2008,"Infraestructura (transporte, movilización, caminos, etc.)",1.43
2008,Derechos humanos,0.5
2008,Sistema electoral binominal,0.4
2008,No contesta,0.1
2009,"Delincuencia, asaltos y robos",24.43
2009,Salud,11.74
2009,Empleo,11.3
2009,Educación,11.01
2009,Pobreza,8.35
2009,Sueldos,7.71
2009,Narcotráfico,7.09
2009,Corrupción,4.89
2009,"Alzas de precios, inflación",3.32
2009,Vivienda,3.26
2009,Sistema judicial,3.23
2009,Protección del medio ambiente,1.37
2009,"Infraestructura (transporte, movilización, caminos, etc.)",0.84
2009,Derechos humanos,0.73
2009,Sistema electoral binominal,0.64
2009,No contesta,0.07
2009,No sabe,0.02
2010,"Delincuencia, asaltos y robos",27.94
2010,Salud,10.82
2010,Educación,10.0
2010,Empleo,8.97
2010,Pobreza,8.7
2010,Sueldos,7.57
2010,Narcotráfico,5.83
2010,"Alzas de precios, inflación",5.19
2010,Vivienda,5.05
2010,Corrupción,4.54
2010,Sistema judicial,2.08
2010,Protección del medio ambiente,1.33
2010,"Infraestructura (transporte, movilización, caminos, etc.)",0.82
2010,Derechos humanos,0.58
2010,Sistema electoral binominal,0.31
2010,No sabe,0.17
2010,No contesta,0.1
2011,"Delincuencia, asaltos y robos",23.16
2011,Educación,16.54
2011,Salud,11.05
2011,Pobreza,8.35
2011,Sueldos,7.77
2011,Narcotráfico,6.75
2011,"Alzas de precios, inflación",6.68
2011,Empleo,6.39
2011,Vivienda,4.11
2011,Corrupción,3.76
2011,Sistema judicial,2.06
2011,Protección del medio ambiente,1.09
2011,Derechos humanos,0.87
2011,Sistema electoral binominal,0.77
2011,"Infraestructura (transporte, movilización, caminos, etc.)",0.61
2011,No contesta,0.03
2012,"Delincuencia, asaltos y robos",22.72
2012,Educación,14.54
2012,Salud,12.61
2012,Pobreza,9.82
2012,Sueldos,7.98
2012,Narcotráfico,6.49
2012,"Alzas de precios, inflación",5.9
2012,Empleo,5.37
2012,Vivienda,4.82
2012,Corrupción,3.25
2012,Sistema judicial,2.83
2012,Protección del medio ambiente,1.21
2012,"Infraestructura (transporte, movilización, caminos, etc.)",1.05
2012,Sistema electoral binominal,0.79
2012,Derechos humanos,0.5
2012,No contesta,0.09
2012,No sabe,0.02
2013,"Delincuencia, asaltos y robos",23.62
2013,Salud,17.78
2013,Educación,13.38
2013,Pobreza,8.49
2013,Sueldos,8.22
2013,Narcotráfico,5.81
2013,"Alzas de precios, inflación",4.37
2013,Corrupción,3.78
2013,Empleo,3.78
2013,Sistema judicial,3.27
2013,Vivienda,2.82
2013,Protección del medio ambiente,1.31
2013,Sistema electoral binominal,1.2
2013,Derechos humanos,1.0
2013,"Infraestructura (transporte, movilización, caminos, etc.)",0.65
2013,Energía,0.21
2013,No sabe,0.17
2013,No contesta,0.14
2014,"Delincuencia, asaltos y robos",22.93
2014,Salud,16.08
2014,Educación,15.62
2014,Sueldos,6.78
2014,Pobreza,6.72
2014,Empleo,6.02
2014,"Alzas de precios, inflación",5.11
2014,Narcotráfico,5.01
2014,Desigualdad,3.93
2014,Corrupción,3.38
2014,Vivienda,2.68
2014,Sistema judicial,1.88
2014,Derechos humanos,1.04
2014,Protección del medio ambiente,0.9
2014,"Infraestructura (transporte, movilización, caminos, etc.)",0.52
2014,Energía,0.35
2014,Violencia con fines políticos,0.35
2014,Reformas constitucionales,0.31
2014,Sistema electoral binominal,0.17
2014,No contesta,0.1
2014,No sabe,0.1
2015,"Delincuencia, asaltos y robos",29.0
2015,Salud,12.97
2015,Educación,10.99
2015,Corrupción,9.13
2015,Pobreza,6.83
2015,Sueldos,6.2
2015,Empleo,5.83
2015,"Alzas de precios, inflación",3.95
2015,Desigualdad,3.6
2015,Narcotráfico,3.46
2015,Sistema judicial,2.25
2015,Vivienda,2.11
2015,Protección del medio ambiente,1.12
2015,Reformas constitucionales,1.09
2015,Derechos humanos,0.72
2015,"Infraestructura (transporte, movilización, caminos, etc.)",0.53
2015,No contesta,0.14
2015,No sabe,0.05
2016,"Delincuencia, asaltos y robos",25.49
2016,Corrupción,15.42
2016,Salud,13.65
2016,Educación,9.2
2016,Sueldos,8.12
2016,Empleo,5.42
2016,Narcotráfico,5.14
2016,Pobreza,4.65
2016,"Alzas de precios, inflación",4.41
2016,Desigualdad,2.74
2016,Vivienda,1.49
2016,Sistema judicial,1.46
2016,Derechos humanos,0.83
2016,Transporte público,0.76
2016,Reformas constitucionales,0.66
2016,Protección del medio ambiente,0.38
2016,No contesta,0.1
2016,No sabe,0.07
2017,"Delincuencia, asaltos y robos",23.57
2017,Salud,12.3
2017,Corrupción,11.33
2017,Educación,9.81
2017,Sueldos,7.22
2017,Pensiones,7.15
2017,Empleo,5.64
2017,Pobreza,5.64
2017,Desigualdad,3.42
2017,Narcotráfico,3.26
2017,"Alzas de precios, inflación",2.71
2017,Vivienda,2.24
2017,Sistema judicial,2.2
2017,Reformas constitucionales,1.13
2017,Derechos humanos,0.86
2017,Protección del medio ambiente,0.76
2017,Transporte público,0.58
2017,No contesta,0.16
2017,No sabe,0.02
2018,Pensiones,28.39
2018,"Delincuencia, asaltos y robos",20.9
2018,Salud,10.13
2018,Educación,7.56
2018,Corrupción,6.92
2018,Empleo,4.99
2018,Sueldos,4.78
2018,Pobreza,4.28
2018,Narcotráfico,3.64
2018,Desigualdad,2.07
2018,Vivienda,2.0
2018,Sistema judicial,1.28
2018,Derechos humanos,0.78
2018,Protección del medio ambiente,0.78
2018,Reformas constitucionales,0.78
2018,Transporte público,0.71
2019,Pensiones,36.13
2019,"Delincuencia, asaltos y robos",14.01
2019,Salud,10.85
2019,Educación,7.79
2019,Corrupción,7.55
2019,Sueldos,5.01
2019,Desigualdad,3.86
2019,Empleo,3.79
2019,Pobreza,3.58
2019,Narcotráfico,2.29
2019,Vivienda,1.5
2019,Reformas constitucionales,1.32
2019,Derechos humanos,0.94
2019,Transporte público,0.59
2019,Protección del medio ambiente,0.38
2019,Inmigración,0.31
2019,No contesta,0.07
2019,No sabe,0.03
2021,Pensiones,26.13
2021,"Delincuencia, asaltos y robos",18.23
2021,Salud,10.6
2021,Educación,8.25
2021,Corrupción,7.76
2021,Pobreza,5.47
2021,Sueldos,3.95
2021,Empleo,3.81
2021,Desigualdad,3.47
2021,Narcotráfico,3.26
2021,Vivienda,2.49
2021,Derechos humanos,2.08
2021,Pandemia por Covid-19,1.52
2021,Protección del medio ambiente,1.32
2021,Inmigración,0.97
2021,Transporte público,0.62
2021,No contesta,0.07
2022,"Delincuencia, asaltos y robos",26.32
2022,Pensiones,17.17
2022,Salud,8.98
2022,Narcotráfico,8.91
2022,Educación,6.83
2022,Violencia,5.36
2022,Corrupción,3.72
2022,Pobreza,3.65
2022,Sueldos,3.22
2022,Inmigración,3.15
2022,"Alzas de precios, inflación",2.97
2022,Empleo,2.86
2022,Vivienda,2.36
2022,Desigualdad,1.86
2022,Derechos humanos,0.79
2022,Protección del medio ambiente,0.79
2022,Transporte público,0.5
2022,La Constitución,0.32
2022,No contesta,0.11
2022,Pandemia por Covid-19,0.11
2022,No sabe,0.04
2023,"Delincuencia, asaltos y robos",24.28
2023,Pensiones,14.91
2023,Salud,14.91
2023,Corrupción,9.98
2023,Pobreza,6.89
2023,Educación,4.82
2023,Narcotráfico,4.82
2023,"Alzas de precios, inflación",4.24
2023,Violencia,2.68
2023,Inmigración,2.41
2023,Empleo,2.24
2023,Sueldos,2.14
2023,Vivienda,1.94
2023,Desigualdad,1.56
2023,Transporte público,1.02
2023,Protección del medio ambiente,0.58
2023,Derechos humanos,0.48
2023,No contesta,0.1
2024,"Delincuencia, asaltos y robos",30.95
2024,Pensiones,16.76
2024,Narcotráfico,8.61
2024,Salud,7.74
2024,Educación,6.28
2024,Corrupción,6.08
2024,Inmigración,4.76
2024,Pobreza,4.16
2024,Violencia,3.31
2024,Vivienda,2.26
2024,Empleo,2.2
2024,Sueldos,1.89
2024,Desigualdad,1.79
2024,Protección del medio ambiente,1.45
2024,Derechos humanos,0.71
2024,"Alzas de precios, inflación",0.61
2024,Transporte público,0.41
2024,No contesta,0.03
2025,"Delincuencia, asaltos y robos",31.85
2025,Salud,13.43
2025,Pensiones,11.06
2025,Educación,6.5
2025,Corrupción,5.77
2025,Narcotráfico,5.32
2025,Inmigración,4.41
2025,Violencia,4.37
2025,Empleo,4.2
2025,Pobreza,3.89
2025,Sueldos,2.85
2025,Vivienda,2.06
2025,Desigualdad,1.71
2025,Protección del medio ambiente,0.78
2025,"Alzas de precios, inflación",0.66
2025,Derechos humanos,0.59
2025,Transporte público,0.36
2025,No contesta,0.12
2025,No sabe,0.07
2026,"Delincuencia, asaltos y robos",31.45
2026,Salud,13.17
2026,Narcotráfico,9.69
2026,Pensiones,7.98
2026,Educación,7.91
2026,Corrupción,4.77
2026,Empleo,4.71
2026,Violencia,3.75
2026,Pobreza,3.27
2026,Vivienda,2.93
2026,Sueldos,2.59
2026,Desigualdad,1.77
2026,Inmigración,1.57
2026,"Alzas de precios, inflación",1.43
2026,Transporte público,1.3
2026,Protección del medio ambiente,0.95
2026,Derechos humanos,0.68
2026,No sabe,0.07
