Timestamp,¿A qué campus perteneces?,¿A qué sección perteneces?,¿Cuál es tu edad? Ingresa sólo el número.,¿Cuál es tu estatura en centímetros? Ingresa sólo el número.,¿Qué estilo alimenticio tienes?,¿A qué distancia de la Universidad (en kilómetros) vives actualmente? Ingresa sólo el número. Puedes usar https://maps.google.com para estimar la distancia.,¿Cuál es el sistema operativo de tu teléfono celular?,¿Cuántas veces te bañas a la semana?,¿Has sido contagiado de COVID-19?,¿Cuál es tu postura frente al deporte obligatorio en la UAI?,¿Con qué religión te identificas?,¿Qué tan de acuerdo estás con los siguiente temas? [Aborto libre],¿Qué tan de acuerdo estás con los siguiente temas? [Eutanasia legal],¿Qué tan de acuerdo estás con los siguiente temas? [Matrimonio igualitario],¿Qué tan de acuerdo estás con los siguiente temas? [Legalización del cannabis],¿Qué tan de acuerdo estás con los siguiente temas? [Educación gratuita],¿Qué tan de acuerdo estás con los siguiente temas? [Nueva Constitución para Chile]
3/18/2023 7:35:53,Santiago,2,18,175,Vegetariano,"6,8km",iOS (Apple),8 o más,Sí,5,Agnóstico,De acuerdo,De acuerdo,De acuerdo,Ni de acuerdo ni en desacuerdo,Ni de acuerdo ni en desacuerdo,De acuerdo
3/20/2023 13:08:04,Santiago,5,18,157,Vegetariano,7.7,iOS (Apple),6,No,4,Ateo,De acuerdo,De acuerdo,De acuerdo,Ni de acuerdo ni en desacuerdo,Ni de acuerdo ni en desacuerdo,De acuerdo
3/20/2023 21:46:32,Santiago,5,18,"1,55",Vegetariano,40km,iOS (Apple),7,Sí,5,Ateo,De acuerdo,Ni de acuerdo ni en desacuerdo,De acuerdo,De acuerdo,De acuerdo,De acuerdo
3/21/2023 14:19:33,Santiago,13,18,171,Vegetariano,12km,iOS (Apple),8 o más,No,1,Prefiero no responder,De acuerdo,De acuerdo,De acuerdo,Ni de acuerdo ni en desacuerdo,De acuerdo,Ni de acuerdo ni en desacuerdo
3/21/2023 14:20:59,Santiago,13,18,158,Vegetariano,15,iOS (Apple),4,Sí,4,Ateo,De acuerdo,De acuerdo,De acuerdo,Ni de acuerdo ni en desacuerdo,De acuerdo,De acuerdo
3/19/2023 20:25:41,Santiago,4,19,154,Vegetariano,12,Android,7,No,5,Católica,De acuerdo,De acuerdo,De acuerdo,Ni de acuerdo ni en desacuerdo,De acuerdo,Ni de acuerdo ni en desacuerdo
3/21/2023 14:09:50,Santiago,11,19,"1,53",Vegetariano,12,iOS (Apple),8 o más,Sí,5,Prefiero no responder,De acuerdo,,De acuerdo,,,De acuerdo
3/18/2023 15:09:21,Viña,2,18,177,Vegetariano,2,iOS (Apple),5,Sí,4,Católica,En desacuerdo,De acuerdo,De acuerdo,De acuerdo,Ni de acuerdo ni en desacuerdo,En desacuerdo
8/8/2022 13:34:14,Viña,1,19,162,Vegetariano,12,iOS (Apple),8 o más,Sí,2,Católica,Ni de acuerdo ni en desacuerdo,De acuerdo,Ni de acuerdo ni en desacuerdo,De acuerdo,En desacuerdo,En desacuerdo
3/19/2023 18:35:14,Viña,3,20,,Vegetariano,"2,7",iOS (Apple),5,Sí,1,Católica,De acuerdo,De acuerdo,De acuerdo,De acuerdo,De acuerdo,Ni de acuerdo ni en desacuerdo
3/20/2023 8:48:55,Viña,4,22,177,Vegetariano,12,iOS (Apple),8 o más,No,5,Otra Religión,En desacuerdo,Ni de acuerdo ni en desacuerdo,En desacuerdo,,De acuerdo,De acuerdo
3/19/2023 17:28:57,Viña,3,28,154,Vegetariano,10 km,iOS (Apple),8 o más,No,5,Agnóstico,De acuerdo,De acuerdo,De acuerdo,De acuerdo,De acuerdo,De acuerdo
3/21/2023 14:15:27,Santiago,13,22,"1,76",Vegano,14km,iOS (Apple),6,Sí,3,Otra Religión,De acuerdo,De acuerdo,De acuerdo,De acuerdo,De acuerdo,De acuerdo
8/5/2022 16:28:16,Santiago,1,18,175,Pescetariano,8,iOS (Apple),7,No,4,Ateo,De acuerdo,De acuerdo,De acuerdo,De acuerdo,Ni de acuerdo ni en desacuerdo,De acuerdo
8/6/2022 0:12:10,Santiago,1,18,180,Pescetariano,12,iOS (Apple),7,No,5,Ateo,De acuerdo,De acuerdo,De acuerdo,De acuerdo,De acuerdo,De acuerdo
3/20/2023 22:15:00,Santiago,5,18,158,Pescetariano,15,Android,5,Sí,3,Agnóstico,De acuerdo,De acuerdo,De acuerdo,De acuerdo,De acuerdo,Ni de acuerdo ni en desacuerdo
3/21/2023 1:02:31,Santiago,7,18,"1,78 cm ",Pescetariano,16 km,HarmonyOS (Huawei),6,No,3,Evangélica,Ni de acuerdo ni en desacuerdo,Ni de acuerdo ni en desacuerdo,Ni de acuerdo ni en desacuerdo,En desacuerdo,De acuerdo,Ni de acuerdo ni en desacuerdo
3/21/2023 10:38:15,Santiago,10,18,168,Pescetariano,5.1,iOS (Apple),7,No,5,Ateo,De acuerdo,Ni de acuerdo ni en desacuerdo,De acuerdo,De acuerdo,De acuerdo,De acuerdo
8/7/2022 14:15:05,Santiago,1,19,170,Pescetariano,12 km,iOS (Apple),6,No,5,Prefiero no responder,De acuerdo,Ni de acuerdo ni en desacuerdo,De acuerdo,Ni de acuerdo ni en desacuerdo,De acuerdo,De acuerdo
3/19/2023 13:58:14,Santiago,3,19,176,Pescetariano,19,iOS (Apple),5,Sí,5,Evangélica,En desacuerdo,De acuerdo,En desacuerdo,En desacuerdo,De acuerdo,Ni de acuerdo ni en desacuerdo
3/18/2023 15:20:01,Viña,2,18,"1,57",Pescetariano,"26,3",iOS (Apple),8 o más,Sí,5,Agnóstico,De acuerdo,De acuerdo,De acuerdo,Ni de acuerdo ni en desacuerdo,De acuerdo,Ni de acuerdo ni en desacuerdo
3/20/2023 15:26:08,Viña,5,18,168,Pescetariano,10,iOS (Apple),8 o más,Sí,4,Ateo,De acuerdo,De acuerdo,De acuerdo,Ni de acuerdo ni en desacuerdo,De acuerdo,De acuerdo
3/20/2023 8:53:05,Viña,4,20,"1,58",Pescetariano,9,iOS (Apple),6,Sí,5,Católica,De acuerdo,Ni de acuerdo ni en desacuerdo,De acuerdo,En desacuerdo,De acuerdo,De acuerdo
3/21/2023 14:08:38,Santiago,11,17,1.73,Otro,,Android,8 o más,No,4,Católica,De acuerdo,De acuerdo,De acuerdo,Ni de acuerdo ni en desacuerdo,De acuerdo,De acuerdo
8/5/2022 19:16:03,Santiago,1,18,159,Otro,"5,6",iOS (Apple),7,Sí,4,Católica,De acuerdo,De acuerdo,De acuerdo,De acuerdo,De acuerdo,En desacuerdo
8/5/2022 23:45:45,Santiago,1,18,1.8,Otro,20,iOS (Apple),7,Sí,2,Católica,De acuerdo,Ni de acuerdo ni en desacuerdo,De acuerdo,Ni de acuerdo ni en desacuerdo,Ni de acuerdo ni en desacuerdo,En desacuerdo
8/7/2022 19:20:30,Santiago,1,18,178,Otro,23,iOS (Apple),8 o más,No,3,Prefiero no responder,De acuerdo,Ni de acuerdo ni en desacuerdo,De acuerdo,De acuerdo,De acuerdo,En desacuerdo
3/18/2023 13:15:06,Santiago,2,18,155,Otro,11,iOS (Apple),6,No,4,Católica,Ni de acuerdo ni en desacuerdo,Ni de acuerdo ni en desacuerdo,De acuerdo,Ni de acuerdo ni en desacuerdo,De acuerdo,Ni de acuerdo ni en desacuerdo
3/19/2023 13:16:32,Santiago,2,18,181,Otro,45,iOS (Apple),8 o más,No,5,Católica,En desacuerdo,En desacuerdo,En desacuerdo,Ni de acuerdo ni en desacuerdo,De acuerdo,En desacuerdo
3/19/2023 16:22:38,Santiago,3,18,171,Otro,42,Android,7,No,5,Ateo,De acuerdo,De acuerdo,De acuerdo,Ni de acuerdo ni en desacuerdo,Ni de acuerdo ni en desacuerdo,Ni de acuerdo ni en desacuerdo
3/19/2023 20:06:48,Santiago,3,18,"1,57",Otro,10km,iOS (Apple),8 o más,No,5,Católica,De acuerdo,De acuerdo,De acuerdo,Ni de acuerdo ni en desacuerdo,De acuerdo,Ni de acuerdo ni en desacuerdo
3/20/2023 12:25:17,Santiago,4,18,1.72,Otro,11.2,iOS (Apple),8 o más,Sí,4,Católica,De acuerdo,De acuerdo,De acuerdo,Ni de acuerdo ni en desacuerdo,De acuerdo,Ni de acuerdo ni en desacuerdo
3/21/2023 14:08:48,Santiago,11,18,58,Otro,13,iOS (Apple),8 o más,Sí,5,Judía,De acuerdo,De acuerdo,De acuerdo,De acuerdo,De acuerdo,Ni de acuerdo ni en desacuerdo
8/7/2022 21:59:11,Santiago,1,19,187,Otro,45,iOS (Apple),8 o más,No,2,Católica,Ni de acuerdo ni en desacuerdo,Ni de acuerdo ni en desacuerdo,En desacuerdo,Ni de acuerdo ni en desacuerdo,De acuerdo,En desacuerdo
3/17/2023 17:35:44,Santiago,1,19,176,Otro,12,iOS (Apple),8 o más,No,5,Católica,Ni de acuerdo ni en desacuerdo,De acuerdo,De acuerdo,Ni de acuerdo ni en desacuerdo,De acuerdo,Ni de acuerdo ni en desacuerdo
3/19/2023 13:24:19,Santiago,2,19,"1,58",Otro,Ñuñoa,iOS (Apple),8 o más,Sí,5,Católica,De acuerdo,Ni de acuerdo ni en desacuerdo,De acuerdo,Ni de acuerdo ni en desacuerdo,De acuerdo,De acuerdo
3/20/2023 12:39:56,Santiago,4,19,176,Otro,12,iOS (Apple),8 o más,No,5,Católica,Ni de acuerdo ni en desacuerdo,Ni de acuerdo ni en desacuerdo,De acuerdo,Ni de acuerdo ni en desacuerdo,De acuerdo,Ni de acuerdo ni en desacuerdo
3/21/2023 14:15:39,Santiago,13,19,"1,60",Otro,2km,iOS (Apple),7,No,4,Agnóstico,De acuerdo,De acuerdo,De acuerdo,De acuerdo,De acuerdo,En desacuerdo
8/7/2022 10:45:15,Santiago,1,20,185,Otro,15,iOS (Apple),8 o más,No,5,Católica,En desacuerdo,Ni de acuerdo ni en desacuerdo,En desacuerdo,En desacuerdo,Ni de acuerdo ni en desacuerdo,En desacuerdo
3/18/2023 13:19:47,Viña,2,18,"1,78",Otro,19,iOS (Apple),8 o más,No,5,Católica,De acuerdo,De acuerdo,De acuerdo,De acuerdo,De acuerdo,De acuerdo
3/19/2023 16:29:57,Viña,3,19,180,Otro,10,iOS (Apple),7,Sí,5,Católica,En desacuerdo,Ni de acuerdo ni en desacuerdo,De acuerdo,Ni de acuerdo ni en desacuerdo,En desacuerdo,En desacuerdo
3/18/2023 15:10:24,Viña,2,21,156,Otro,14,Android,5,Sí,5,Prefiero no responder,De acuerdo,De acuerdo,De acuerdo,En desacuerdo,De acuerdo,Ni de acuerdo ni en desacuerdo
3/20/2023 13:18:41,Santiago,5,17,160,Omnívoro,"5,3",iOS (Apple),5,No,5,Agnóstico,De acuerdo,De acuerdo,De acuerdo,De acuerdo,Ni de acuerdo ni en desacuerdo,De acuerdo
3/20/2023 22:52:52,Santiago,5,17,176,Omnívoro,40,iOS (Apple),8 o más,Sí,5,Ateo,Ni de acuerdo ni en desacuerdo,De acuerdo,De acuerdo,Ni de acuerdo ni en desacuerdo,En desacuerdo,Ni de acuerdo ni en desacuerdo
3/20/2023 23:16:44,Santiago,5,17,180,Omnívoro,,iOS (Apple),7,Sí,5,Prefiero no responder,De acuerdo,De acuerdo,De acuerdo,De acuerdo,En desacuerdo,En desacuerdo
3/21/2023 10:42:26,Santiago,10,17,"1,60",Omnívoro,"7,6 ",Android,7,Sí,4,Ateo,De acuerdo,De acuerdo,De acuerdo,Ni de acuerdo ni en desacuerdo,Ni de acuerdo ni en desacuerdo,Ni de acuerdo ni en desacuerdo
3/21/2023 11:02:31,Santiago,10,17,181,Omnívoro,21,iOS (Apple),8 o más,No,5,Católica,De acuerdo,De acuerdo,De acuerdo,Ni de acuerdo ni en desacuerdo,De acuerdo,De acuerdo
8/4/2022 18:45:50,Santiago,1,18,1.54,Omnívoro,"10,3",iOS (Apple),7,Sí,3,Católica,Ni de acuerdo ni en desacuerdo,Ni de acuerdo ni en desacuerdo,De acuerdo,De acuerdo,De acuerdo,Ni de acuerdo ni en desacuerdo
8/4/2022 18:57:20,Santiago,1,18,176,Omnívoro,50,iOS (Apple),7,Sí,3,Católica,En desacuerdo,De acuerdo,De acuerdo,Ni de acuerdo ni en desacuerdo,Ni de acuerdo ni en desacuerdo,En desacuerdo
8/5/2022 11:11:38,Santiago,1,18,179,Omnívoro,13,Android,7,No,3,Católica,En desacuerdo,En desacuerdo,Ni de acuerdo ni en desacuerdo,Ni de acuerdo ni en desacuerdo,De acuerdo,En desacuerdo
8/5/2022 15:26:03,Santiago,1,18,168,Omnívoro,12,iOS (Apple),8 o más,No,1,Católica,Ni de acuerdo ni en desacuerdo,Ni de acuerdo ni en desacuerdo,De acuerdo,Ni de acuerdo ni en desacuerdo,Ni de acuerdo ni en desacuerdo,En desacuerdo
8/5/2022 15:26:23,Santiago,1,18,161,Omnívoro,"9,2",iOS (Apple),5,Sí,5,Ateo,De acuerdo,De acuerdo,De acuerdo,De acuerdo,Ni de acuerdo ni en desacuerdo,De acuerdo
8/5/2022 15:27:51,Santiago,1,18,1.78,Omnívoro,5,iOS (Apple),8 o más,No,3,Agnóstico,De acuerdo,De acuerdo,De acuerdo,De acuerdo,Ni de acuerdo ni en desacuerdo,Ni de acuerdo ni en desacuerdo
8/5/2022 15:41:15,Santiago,1,18,191,Omnívoro,17,Android,8 o más,Sí,3,Católica,En desacuerdo,En desacuerdo,Ni de acuerdo ni en desacuerdo,Ni de acuerdo ni en desacuerdo,De acuerdo,Ni de acuerdo ni en desacuerdo
8/5/2022 15:49:16,Santiago,1,18,168,Omnívoro,15,iOS (Apple),5,Sí,2,Católica,De acuerdo,De acuerdo,De acuerdo,En desacuerdo,De acuerdo,En desacuerdo
8/5/2022 15:53:10,Santiago,1,18,175,Omnívoro,17 km,iOS (Apple),7,Sí,5,Católica,En desacuerdo,En desacuerdo,Ni de acuerdo ni en desacuerdo,Ni de acuerdo ni en desacuerdo,Ni de acuerdo ni en desacuerdo,En desacuerdo
8/5/2022 20:35:12,Santiago,1,18,154,Omnívoro,7,Android,7,No,4,Católica,De acuerdo,De acuerdo,De acuerdo,De acuerdo,,De acuerdo
8/6/2022 16:44:58,Santiago,1,18,160,Omnívoro,11,iOS (Apple),7,No,5,Católica,Ni de acuerdo ni en desacuerdo,De acuerdo,De acuerdo,Ni de acuerdo ni en desacuerdo,Ni de acuerdo ni en desacuerdo,En desacuerdo
8/6/2022 17:00:01,Santiago,1,18,187,Omnívoro,18,iOS (Apple),8 o más,No,5,Católica,En desacuerdo,De acuerdo,Ni de acuerdo ni en desacuerdo,De acuerdo,De acuerdo,En desacuerdo
8/6/2022 18:52:39,Santiago,1,18,160,Omnívoro,11,iOS (Apple),8 o más,Sí,5,Católica,,,,,,
8/6/2022 21:13:45,Santiago,1,18,"1,75",Omnívoro,"9,2",iOS (Apple),6,Sí,5,Evangélica,De acuerdo,De acuerdo,De acuerdo,De acuerdo,De acuerdo,En desacuerdo
8/6/2022 21:27:23,Santiago,1,18,15800,Omnívoro,11,iOS (Apple),7,Sí,4,Ateo,De acuerdo,De acuerdo,De acuerdo,De acuerdo,De acuerdo,De acuerdo
8/6/2022 23:58:44,Santiago,1,18,184,Omnívoro,22.5 KM,iOS (Apple),7,No,4,Testigos de Jehová,De acuerdo,De acuerdo,De acuerdo,De acuerdo,En desacuerdo,Ni de acuerdo ni en desacuerdo
8/7/2022 10:38:36,Santiago,1,18,165,Omnívoro,36,iOS (Apple),5,No,5,Católica,De acuerdo,De acuerdo,De acuerdo,De acuerdo,De acuerdo,En desacuerdo
8/7/2022 13:18:58,Santiago,1,18,173,Omnívoro,10,Android,8 o más,No,3,Agnóstico,Ni de acuerdo ni en desacuerdo,De acuerdo,De acuerdo,Ni de acuerdo ni en desacuerdo,De acuerdo,Ni de acuerdo ni en desacuerdo
8/7/2022 17:38:33,Santiago,1,18,"1,78",Omnívoro,17km,iOS (Apple),8 o más,No,3,Católica,Ni de acuerdo ni en desacuerdo,Ni de acuerdo ni en desacuerdo,Ni de acuerdo ni en desacuerdo,En desacuerdo,De acuerdo,En desacuerdo
8/7/2022 18:53:30,Santiago,1,18,175,Omnívoro,13,iOS (Apple),8 o más,Sí,4,Católica,De acuerdo,Ni de acuerdo ni en desacuerdo,De acuerdo,En desacuerdo,Ni de acuerdo ni en desacuerdo,En desacuerdo
8/7/2022 21:26:22,Santiago,1,18,184,Omnívoro,2 o 1,iOS (Apple),7,Sí,4,Prefiero no responder,De acuerdo,De acuerdo,De acuerdo,De acuerdo,De acuerdo,En desacuerdo
8/7/2022 23:17:18,Santiago,1,18,168,Omnívoro,11 km ,iOS (Apple),8 o más,Sí,5,Católica,De acuerdo,De acuerdo,De acuerdo,Ni de acuerdo ni en desacuerdo,De acuerdo,En desacuerdo
8/7/2022 23:25:01,Santiago,1,18,168,Omnívoro,15,iOS (Apple),5,Sí,2,Católica,De acuerdo,De acuerdo,De acuerdo,En desacuerdo,De acuerdo,En desacuerdo
8/7/2022 23:28:51,Santiago,1,18,185,Omnívoro,9,iOS (Apple),7,No,4,Católica,Ni de acuerdo ni en desacuerdo,Ni de acuerdo ni en desacuerdo,De acuerdo,En desacuerdo,De acuerdo,En desacuerdo
8/8/2022 11:57:14,Santiago,1,18,181,Omnívoro,15,iOS (Apple),8 o más,Sí,1,Ateo,Ni de acuerdo ni en desacuerdo,De acuerdo,De acuerdo,Ni de acuerdo ni en desacuerdo,Ni de acuerdo ni en desacuerdo,En desacuerdo
8/8/2022 21:26:38,Santiago,1,18,1.78,Omnívoro,21,iOS (Apple),8 o más,No,4,Prefiero no responder,Ni de acuerdo ni en desacuerdo,Ni de acuerdo ni en desacuerdo,Ni de acuerdo ni en desacuerdo,Ni de acuerdo ni en desacuerdo,Ni de acuerdo ni en desacuerdo,En desacuerdo
3/17/2023 17:15:05,Santiago,1,18,181,Omnívoro,5,Android,1,Sí,1,Católica,Ni de acuerdo ni en desacuerdo,En desacuerdo,En desacuerdo,Ni de acuerdo ni en desacuerdo,De acuerdo,Ni de acuerdo ni en desacuerdo
3/17/2023 17:19:02,Santiago,1,18,187,Omnívoro,11,Android,7,No,5,Agnóstico,En desacuerdo,En desacuerdo,En desacuerdo,Ni de acuerdo ni en desacuerdo,En desacuerdo,En desacuerdo
3/17/2023 17:25:10,Santiago,1,18,183,Omnívoro,7.9,iOS (Apple),8 o más,No,5,Agnóstico,De acuerdo,Ni de acuerdo ni en desacuerdo,De acuerdo,De acuerdo,Ni de acuerdo ni en desacuerdo,De acuerdo
3/17/2023 18:25:41,Santiago,1,18,180,Omnívoro,10km,iOS (Apple),8 o más,Sí,3,Católica,Ni de acuerdo ni en desacuerdo,Ni de acuerdo ni en desacuerdo,Ni de acuerdo ni en desacuerdo,En desacuerdo,De acuerdo,De acuerdo
3/17/2023 19:00:16,Santiago,1,18,175,Omnívoro,26,iOS (Apple),8 o más,No,5,Católica,De acuerdo,De acuerdo,De acuerdo,Ni de acuerdo ni en desacuerdo,Ni de acuerdo ni en desacuerdo,Ni de acuerdo ni en desacuerdo
3/17/2023 19:13:37,Santiago,1,18,165,Omnívoro,"24,3",iOS (Apple),5,Sí,3,Católica,De acuerdo,De acuerdo,De acuerdo,En desacuerdo,Ni de acuerdo ni en desacuerdo,En desacuerdo
3/17/2023 19:36:55,Santiago,1,18,175,Omnívoro,25,Android,6,No,3,Agnóstico,Ni de acuerdo ni en desacuerdo,De acuerdo,En desacuerdo,Ni de acuerdo ni en desacuerdo,Ni de acuerdo ni en desacuerdo,En desacuerdo
3/17/2023 19:41:01,Santiago,1,18,170,Omnívoro,10km,iOS (Apple),7,Sí,4,Católica,Ni de acuerdo ni en desacuerdo,Ni de acuerdo ni en desacuerdo,De acuerdo,De acuerdo,En desacuerdo,En desacuerdo
3/17/2023 19:42:04,Santiago,1,18,"1,69",Omnívoro,"8,9",iOS (Apple),4,No,3,Prefiero no responder,De acuerdo,De acuerdo,De acuerdo,De acuerdo,De acuerdo,Ni de acuerdo ni en desacuerdo
3/17/2023 19:45:36,Santiago,1,18,"1,82",Omnívoro,"11,7 ",iOS (Apple),8 o más,No,3,Católica,De acuerdo,De acuerdo,De acuerdo,De acuerdo,De acuerdo,Ni de acuerdo ni en desacuerdo
3/17/2023 20:56:08,Santiago,1,18,"1,60",Omnívoro,11,iOS (Apple),7,Sí,3,Ateo,De acuerdo,De acuerdo,De acuerdo,Ni de acuerdo ni en desacuerdo,De acuerdo,De acuerdo
3/17/2023 20:58:51,Santiago,1,18,170,Omnívoro,12,Android,8 o más,Sí,4,Agnóstico,De acuerdo,De acuerdo,De acuerdo,De acuerdo,Ni de acuerdo ni en desacuerdo,Ni de acuerdo ni en desacuerdo
3/17/2023 21:22:57,Santiago,1,18,165,Omnívoro,13 kilómetros ,Android,8 o más,Sí,5,Prefiero no responder,De acuerdo,De acuerdo,De acuerdo,Ni de acuerdo ni en desacuerdo,De acuerdo,De acuerdo
3/17/2023 21:30:52,Santiago,1,18,163,Omnívoro,14 km ,iOS (Apple),7,Sí,2,Católica,De acuerdo,De acuerdo,De acuerdo,De acuerdo,De acuerdo,En desacuerdo
3/17/2023 21:38:11,Santiago,1,18,"1,60",Omnívoro,,iOS (Apple),7,No,5,Católica,,,,,,
3/17/2023 21:40:49,Santiago,2,18,1.63,Omnívoro,6km,iOS (Apple),7,Sí,5,Prefiero no responder,De acuerdo,Ni de acuerdo ni en desacuerdo,De acuerdo,Ni de acuerdo ni en desacuerdo,De acuerdo,De acuerdo
3/17/2023 23:17:38,Santiago,2,18,1.71,Omnívoro,11km aprox,Android,7,No,4,Otra Religión,Ni de acuerdo ni en desacuerdo,Ni de acuerdo ni en desacuerdo,Ni de acuerdo ni en desacuerdo,Ni de acuerdo ni en desacuerdo,De acuerdo,Ni de acuerdo ni en desacuerdo
3/18/2023 10:37:07,Santiago,2,18,"1,62",Omnívoro,10,iOS (Apple),7,No,5,Católica,En desacuerdo,Ni de acuerdo ni en desacuerdo,De acuerdo,De acuerdo,De acuerdo,En desacuerdo
3/18/2023 11:17:01,Santiago,2,18,164,Omnívoro,40,iOS (Apple),7,No,3,Católica,De acuerdo,De acuerdo,De acuerdo,En desacuerdo,Ni de acuerdo ni en desacuerdo,En desacuerdo
3/18/2023 16:31:13,Santiago,2,18,163,Omnívoro,8,Android,5,Sí,5,Ateo,De acuerdo,De acuerdo,De acuerdo,De acuerdo,De acuerdo,De acuerdo
3/18/2023 17:40:32,Santiago,2,18,163cm,Omnívoro,21km,iOS (Apple),4,Sí,5,Ateo,De acuerdo,De acuerdo,De acuerdo,De acuerdo,De acuerdo,De acuerdo
3/18/2023 19:06:44,Santiago,2,18,172,Omnívoro,12,iOS (Apple),8 o más,Sí,5,Prefiero no responder,De acuerdo,De acuerdo,De acuerdo,En desacuerdo,De acuerdo,De acuerdo
3/18/2023 22:36:48,Santiago,2,18,"1,65",Omnívoro,"9,4",iOS (Apple),6,No,5,Ateo,De acuerdo,Ni de acuerdo ni en desacuerdo,De acuerdo,Ni de acuerdo ni en desacuerdo,Ni de acuerdo ni en desacuerdo,Ni de acuerdo ni en desacuerdo
3/19/2023 10:15:08,Santiago,2,18,167,Omnívoro,20,iOS (Apple),7,Sí,5,Católica,De acuerdo,De acuerdo,De acuerdo,De acuerdo,De acuerdo,En desacuerdo
3/19/2023 11:09:52,Santiago,2,18,168,Omnívoro,20km,iOS (Apple),7,No,3,Otra Religión,De acuerdo,Ni de acuerdo ni en desacuerdo,De acuerdo,De acuerdo,De acuerdo,En desacuerdo
3/19/2023 12:47:51,Santiago,2,18,"1,80",Omnívoro,4.2 km,iOS (Apple),8 o más,Sí,5,Católica,De acuerdo,De acuerdo,De acuerdo,Ni de acuerdo ni en desacuerdo,De acuerdo,Ni de acuerdo ni en desacuerdo
3/19/2023 13:20:26,Santiago,2,18,167,Omnívoro,11 km ,iOS (Apple),8 o más,Sí,5,Católica,De acuerdo,Ni de acuerdo ni en desacuerdo,De acuerdo,De acuerdo,En desacuerdo,En desacuerdo
3/19/2023 13:21:27,Santiago,2,18,170,Omnívoro,7.8,iOS (Apple),7,Sí,4,Católica,De acuerdo,Ni de acuerdo ni en desacuerdo,De acuerdo,Ni de acuerdo ni en desacuerdo,De acuerdo,De acuerdo
3/19/2023 13:22:08,Santiago,2,18,1.7,Omnívoro,"30,4",iOS (Apple),7,No,1,Católica,Ni de acuerdo ni en desacuerdo,Ni de acuerdo ni en desacuerdo,Ni de acuerdo ni en desacuerdo,Ni de acuerdo ni en desacuerdo,En desacuerdo,Ni de acuerdo ni en desacuerdo
3/19/2023 13:23:13,Santiago,2,18,171,Omnívoro,26 km,Android,5,Sí,5,Católica,De acuerdo,Ni de acuerdo ni en desacuerdo,Ni de acuerdo ni en desacuerdo,Ni de acuerdo ni en desacuerdo,De acuerdo,De acuerdo
3/19/2023 13:31:28,Santiago,2,18,159,Omnívoro,11km,Android,7,No,4,Prefiero no responder,De acuerdo,De acuerdo,De acuerdo,Ni de acuerdo ni en desacuerdo,De acuerdo,De acuerdo
3/19/2023 13:34:54,Santiago,2,18,175,Omnívoro,,Android,7,No,5,Ateo,De acuerdo,De acuerdo,De acuerdo,Ni de acuerdo ni en desacuerdo,De acuerdo,De acuerdo
3/19/2023 13:37:28,Santiago,2,18,176,Omnívoro,10,iOS (Apple),8 o más,Sí,4,Católica,En desacuerdo,Ni de acuerdo ni en desacuerdo,De acuerdo,Ni de acuerdo ni en desacuerdo,De acuerdo,Ni de acuerdo ni en desacuerdo
3/19/2023 13:57:08,Santiago,3,18,174,Omnívoro,12,iOS (Apple),8 o más,Sí,2,Agnóstico,De acuerdo,De acuerdo,De acuerdo,De acuerdo,En desacuerdo,En desacuerdo
3/19/2023 14:06:59,Santiago,3,18,182,Omnívoro,5,iOS (Apple),8 o más,Sí,5,Católica,En desacuerdo,En desacuerdo,De acuerdo,Ni de acuerdo ni en desacuerdo,De acuerdo,En desacuerdo
3/19/2023 14:11:07,Santiago,3,18,161,Omnívoro,8.9,iOS (Apple),8 o más,No,5,Católica,De acuerdo,De acuerdo,De acuerdo,De acuerdo,Ni de acuerdo ni en desacuerdo,Ni de acuerdo ni en desacuerdo
3/19/2023 14:17:37,Santiago,3,18,157,Omnívoro,17,iOS (Apple),7,No,4,Católica,En desacuerdo,Ni de acuerdo ni en desacuerdo,De acuerdo,En desacuerdo,De acuerdo,De acuerdo
3/19/2023 14:36:28,Santiago,3,18,186,Omnívoro,3km,Android,8 o más,Sí,2,Católica,De acuerdo,De acuerdo,De acuerdo,De acuerdo,De acuerdo,En desacuerdo
3/19/2023 15:22:53,Santiago,3,18,1.68,Omnívoro,8,iOS (Apple),8 o más,Sí,4,Católica,De acuerdo,Ni de acuerdo ni en desacuerdo,De acuerdo,Ni de acuerdo ni en desacuerdo,De acuerdo,De acuerdo
3/19/2023 15:23:11,Santiago,3,18,185,Omnívoro,12,Android,6,Sí,5,Agnóstico,Ni de acuerdo ni en desacuerdo,De acuerdo,De acuerdo,En desacuerdo,Ni de acuerdo ni en desacuerdo,En desacuerdo
3/19/2023 15:27:40,Santiago,3,18,"1,69",Omnívoro,38,iOS (Apple),8 o más,Sí,4,Prefiero no responder,Ni de acuerdo ni en desacuerdo,Ni de acuerdo ni en desacuerdo,De acuerdo,En desacuerdo,De acuerdo,Ni de acuerdo ni en desacuerdo
3/19/2023 15:35:46,Santiago,3,18,167,Omnívoro,35,iOS (Apple),8 o más,Sí,5,Agnóstico,En desacuerdo,De acuerdo,Ni de acuerdo ni en desacuerdo,En desacuerdo,De acuerdo,En desacuerdo
3/19/2023 15:40:40,Santiago,3,18,"1,55",Omnívoro,9.8 km,iOS (Apple),8 o más,Sí,5,Católica,De acuerdo,De acuerdo,De acuerdo,Ni de acuerdo ni en desacuerdo,De acuerdo,Ni de acuerdo ni en desacuerdo
3/19/2023 15:58:40,Santiago,3,18,"1,69",Omnívoro,"3,5",iOS (Apple),8 o más,No,5,Ateo,De acuerdo,De acuerdo,De acuerdo,Ni de acuerdo ni en desacuerdo,De acuerdo,De acuerdo
3/19/2023 16:05:43,Santiago,3,18,162,Omnívoro,,iOS (Apple),8 o más,No,5,Agnóstico,De acuerdo,De acuerdo,De acuerdo,Ni de acuerdo ni en desacuerdo,De acuerdo,Ni de acuerdo ni en desacuerdo
3/19/2023 16:09:48,Santiago,3,18,"1,83",Omnívoro,50,iOS (Apple),8 o más,Sí,4,Ateo,Ni de acuerdo ni en desacuerdo,De acuerdo,De acuerdo,Ni de acuerdo ni en desacuerdo,De acuerdo,Ni de acuerdo ni en desacuerdo
3/19/2023 16:30:27,Santiago,3,18,167,Omnívoro,9,iOS (Apple),6,No,3,Prefiero no responder,De acuerdo,Ni de acuerdo ni en desacuerdo,De acuerdo,De acuerdo,De acuerdo,Ni de acuerdo ni en desacuerdo
3/19/2023 16:49:23,Santiago,3,18,179,Omnívoro,21,iOS (Apple),5,Sí,4,Prefiero no responder,Ni de acuerdo ni en desacuerdo,Ni de acuerdo ni en desacuerdo,Ni de acuerdo ni en desacuerdo,Ni de acuerdo ni en desacuerdo,Ni de acuerdo ni en desacuerdo,Ni de acuerdo ni en desacuerdo
3/19/2023 16:56:56,Santiago,3,18,184,Omnívoro,11,Android,7,No,4,Católica,Ni de acuerdo ni en desacuerdo,Ni de acuerdo ni en desacuerdo,Ni de acuerdo ni en desacuerdo,En desacuerdo,Ni de acuerdo ni en desacuerdo,Ni de acuerdo ni en desacuerdo
3/19/2023 17:00:26,Santiago,3,18,"1,75",Omnívoro,17 km,iOS (Apple),7,Sí,5,Agnóstico,De acuerdo,De acuerdo,De acuerdo,Ni de acuerdo ni en desacuerdo,De acuerdo,Ni de acuerdo ni en desacuerdo
3/19/2023 17:25:18,Santiago,3,18,190,Omnívoro,20,iOS (Apple),8 o más,Sí,2,Otra Religión,De acuerdo,Ni de acuerdo ni en desacuerdo,De acuerdo,En desacuerdo,Ni de acuerdo ni en desacuerdo,En desacuerdo
3/19/2023 17:38:12,Santiago,3,18,185,Omnívoro,50km,iOS (Apple),7,No,5,Católica,En desacuerdo,De acuerdo,De acuerdo,En desacuerdo,De acuerdo,En desacuerdo
3/19/2023 17:43:26,Santiago,3,18,155,Omnívoro,11k,iOS (Apple),8 o más,Sí,5,Prefiero no responder,De acuerdo,De acuerdo,De acuerdo,Ni de acuerdo ni en desacuerdo,De acuerdo,Ni de acuerdo ni en desacuerdo
3/19/2023 18:25:05,Santiago,3,18,1.72,Omnívoro,14 km,iOS (Apple),7,Sí,3,Católica,De acuerdo,Ni de acuerdo ni en desacuerdo,De acuerdo,Ni de acuerdo ni en desacuerdo,De acuerdo,Ni de acuerdo ni en desacuerdo
3/19/2023 18:25:28,Santiago,3,18,183,Omnívoro,12,iOS (Apple),8 o más,No,5,Católica,De acuerdo,De acuerdo,De acuerdo,En desacuerdo,De acuerdo,En desacuerdo
3/19/2023 18:30:00,Santiago,3,18,180,Omnívoro,10,iOS (Apple),8 o más,Sí,2,Ateo,De acuerdo,De acuerdo,De acuerdo,Ni de acuerdo ni en desacuerdo,En desacuerdo,En desacuerdo
3/19/2023 18:55:50,Santiago,3,18,177,Omnívoro,12,iOS (Apple),8 o más,No,5,Ateo,Ni de acuerdo ni en desacuerdo,De acuerdo,De acuerdo,Ni de acuerdo ni en desacuerdo,De acuerdo,Ni de acuerdo ni en desacuerdo
3/19/2023 19:01:13,Santiago,3,18,167,Omnívoro,15,iOS (Apple),7,Sí,4,Católica,De acuerdo,De acuerdo,Ni de acuerdo ni en desacuerdo,De acuerdo,Ni de acuerdo ni en desacuerdo,En desacuerdo
3/19/2023 19:01:40,Santiago,3,18,190,Omnívoro,60,Android,7,Sí,5,Católica,En desacuerdo,En desacuerdo,Ni de acuerdo ni en desacuerdo,En desacuerdo,De acuerdo,En desacuerdo
3/19/2023 19:48:26,Santiago,3,18,165,Omnívoro,13 km,iOS (Apple),7,Sí,5,Prefiero no responder,Ni de acuerdo ni en desacuerdo,De acuerdo,De acuerdo,De acuerdo,De acuerdo,De acuerdo
3/19/2023 20:06:47,Santiago,3,18,172,Omnívoro,6,Android,8 o más,No,5,Ateo,De acuerdo,De acuerdo,De acuerdo,De acuerdo,De acuerdo,De acuerdo
3/19/2023 20:08:48,Santiago,3,18,178,Omnívoro,"6,0 ",iOS (Apple),8 o más,No,4,Islam,En desacuerdo,De acuerdo,De acuerdo,De acuerdo,Ni de acuerdo ni en desacuerdo,En desacuerdo
3/19/2023 20:18:32,Santiago,4,18,"1,67",Omnívoro,37,iOS (Apple),6,Sí,5,Católica,Ni de acuerdo ni en desacuerdo,Ni de acuerdo ni en desacuerdo,De acuerdo,En desacuerdo,Ni de acuerdo ni en desacuerdo,En desacuerdo
3/19/2023 20:19:43,Santiago,4,18,165,Omnívoro,32,iOS (Apple),8 o más,Sí,4,Católica,De acuerdo,Ni de acuerdo ni en desacuerdo,De acuerdo,En desacuerdo,Ni de acuerdo ni en desacuerdo,Ni de acuerdo ni en desacuerdo
3/19/2023 20:26:04,Santiago,4,18,"1,73",Omnívoro,"9,1",iOS (Apple),8 o más,No,5,Católica,En desacuerdo,De acuerdo,De acuerdo,Ni de acuerdo ni en desacuerdo,Ni de acuerdo ni en desacuerdo,En desacuerdo
3/19/2023 20:45:42,Santiago,4,18,170,Omnívoro,"5,6",iOS (Apple),8 o más,Sí,4,Católica,De acuerdo,De acuerdo,De acuerdo,De acuerdo,Ni de acuerdo ni en desacuerdo,En desacuerdo
3/19/2023 20:50:55,Santiago,4,18,"1,65",Omnívoro,"5,4",iOS (Apple),8 o más,Sí,4,Católica,De acuerdo,De acuerdo,De acuerdo,De acuerdo,Ni de acuerdo ni en desacuerdo,En desacuerdo
3/19/2023 20:54:55,Santiago,4,18,173,Omnívoro,12,iOS (Apple),8 o más,No,4,Agnóstico,De acuerdo,De acuerdo,De acuerdo,En desacuerdo,Ni de acuerdo ni en desacuerdo,En desacuerdo
3/19/2023 21:26:57,Santiago,4,18,1.76,Omnívoro,5Km,iOS (Apple),8 o más,Sí,4,Católica,En desacuerdo,De acuerdo,En desacuerdo,Ni de acuerdo ni en desacuerdo,Ni de acuerdo ni en desacuerdo,Ni de acuerdo ni en desacuerdo
3/19/2023 22:12:36,Santiago,4,18,161,Omnívoro,34,iOS (Apple),4,Sí,5,Católica,Ni de acuerdo ni en desacuerdo,Ni de acuerdo ni en desacuerdo,De acuerdo,Ni de acuerdo ni en desacuerdo,De acuerdo,Ni de acuerdo ni en desacuerdo
3/19/2023 22:16:11,Santiago,4,18,1.8,Omnívoro,11,iOS (Apple),8 o más,Sí,5,Católica,Ni de acuerdo ni en desacuerdo,Ni de acuerdo ni en desacuerdo,Ni de acuerdo ni en desacuerdo,Ni de acuerdo ni en desacuerdo,Ni de acuerdo ni en desacuerdo,En desacuerdo
3/19/2023 23:12:48,Santiago,4,18,"1,89",Omnívoro,17,iOS (Apple),8 o más,No,4,Católica,Ni de acuerdo ni en desacuerdo,En desacuerdo,En desacuerdo,Ni de acuerdo ni en desacuerdo,En desacuerdo,De acuerdo
3/19/2023 23:25:45,Santiago,4,18,179 cm,Omnívoro,13 km,iOS (Apple),8 o más,Sí,5,Prefiero no responder,Ni de acuerdo ni en desacuerdo,Ni de acuerdo ni en desacuerdo,De acuerdo,Ni de acuerdo ni en desacuerdo,De acuerdo,De acuerdo
3/20/2023 0:46:56,Santiago,4,18,184,Omnívoro,12,Android,7,No,4,Católica,Ni de acuerdo ni en desacuerdo,De acuerdo,De acuerdo,En desacuerdo,Ni de acuerdo ni en desacuerdo,En desacuerdo
3/20/2023 2:49:04,Santiago,4,18,178,Omnívoro,12,Android,8 o más,No,2,Evangélica,En desacuerdo,En desacuerdo,En desacuerdo,Ni de acuerdo ni en desacuerdo,Ni de acuerdo ni en desacuerdo,Ni de acuerdo ni en desacuerdo
3/20/2023 10:12:10,Santiago,4,18,"1,75",Omnívoro,"4,7",iOS (Apple),8 o más,Sí,4,Evangélica,En desacuerdo,En desacuerdo,En desacuerdo,Ni de acuerdo ni en desacuerdo,Ni de acuerdo ni en desacuerdo,Ni de acuerdo ni en desacuerdo
3/20/2023 10:41:50,Santiago,4,18,178,Omnívoro,32,iOS (Apple),7,No,3,Católica,Ni de acuerdo ni en desacuerdo,Ni de acuerdo ni en desacuerdo,Ni de acuerdo ni en desacuerdo,En desacuerdo,De acuerdo,En desacuerdo
3/20/2023 12:14:59,Santiago,4,18,"1,67",Omnívoro,37,iOS (Apple),7,Sí,5,Católica,Ni de acuerdo ni en desacuerdo,Ni de acuerdo ni en desacuerdo,De acuerdo,En desacuerdo,Ni de acuerdo ni en desacuerdo,En desacuerdo
3/20/2023 12:21:37,Santiago,4,18,159,Omnívoro,27,iOS (Apple),8 o más,No,4,Católica,De acuerdo,Ni de acuerdo ni en desacuerdo,De acuerdo,Ni de acuerdo ni en desacuerdo,Ni de acuerdo ni en desacuerdo,Ni de acuerdo ni en desacuerdo
3/20/2023 12:23:53,Santiago,4,18,173,Omnívoro,12,iOS (Apple),8 o más,No,4,Agnóstico,De acuerdo,De acuerdo,De acuerdo,En desacuerdo,Ni de acuerdo ni en desacuerdo,En desacuerdo
3/20/2023 12:29:01,Santiago,4,18,180,Omnívoro,11,iOS (Apple),8 o más,Sí,5,Católica,Ni de acuerdo ni en desacuerdo,Ni de acuerdo ni en desacuerdo,Ni de acuerdo ni en desacuerdo,Ni de acuerdo ni en desacuerdo,Ni de acuerdo ni en desacuerdo,En desacuerdo
3/20/2023 12:34:05,Santiago,4,18,167,Omnívoro,15,iOS (Apple),7,No,4,Católica,De acuerdo,De acuerdo,Ni de acuerdo ni en desacuerdo,De acuerdo,Ni de acuerdo ni en desacuerdo,En desacuerdo
3/20/2023 12:39:12,Santiago,4,18,187,Omnívoro,11,Android,8 o más,No,5,Agnóstico,En desacuerdo,En desacuerdo,En desacuerdo,Ni de acuerdo ni en desacuerdo,En desacuerdo,En desacuerdo
3/20/2023 12:40:35,Santiago,5,18,"1,69",Omnívoro,11km,iOS (Apple),5,No,5,Católica,De acuerdo,De acuerdo,De acuerdo,Ni de acuerdo ni en desacuerdo,De acuerdo,Ni de acuerdo ni en desacuerdo
3/20/2023 12:40:58,Santiago,5,18,"1,86",Omnívoro,16,iOS (Apple),8 o más,No,5,Católica,De acuerdo,De acuerdo,De acuerdo,Ni de acuerdo ni en desacuerdo,De acuerdo,Ni de acuerdo ni en desacuerdo
3/20/2023 12:43:23,Santiago,5,18,165,Omnívoro,24,iOS (Apple),7,Sí,3,Católica,Ni de acuerdo ni en desacuerdo,De acuerdo,De acuerdo,Ni de acuerdo ni en desacuerdo,De acuerdo,En desacuerdo
3/20/2023 12:51:58,Santiago,5,18,176,Omnívoro,28,iOS (Apple),7,No,3,Católica,Ni de acuerdo ni en desacuerdo,Ni de acuerdo ni en desacuerdo,Ni de acuerdo ni en desacuerdo,Ni de acuerdo ni en desacuerdo,Ni de acuerdo ni en desacuerdo,Ni de acuerdo ni en desacuerdo
3/20/2023 14:29:21,Santiago,5,18,169,Omnívoro,15,iOS (Apple),7,Sí,3,Católica,De acuerdo,De acuerdo,De acuerdo,En desacuerdo,De acuerdo,De acuerdo
3/20/2023 16:12:33,Santiago,5,18,"1,89",Omnívoro,"9,2",iOS (Apple),8 o más,Sí,3,Católica,De acuerdo,De acuerdo,De acuerdo,Ni de acuerdo ni en desacuerdo,De acuerdo,En desacuerdo
3/20/2023 16:32:53,Santiago,5,18,172,Omnívoro,5,Android,8 o más,No,5,Ateo,De acuerdo,De acuerdo,De acuerdo,De acuerdo,De acuerdo,De acuerdo
3/20/2023 17:09:40,Santiago,5,18,174,Omnívoro,2.1kms,iOS (Apple),8 o más,No,2,Católica,De acuerdo,De acuerdo,De acuerdo,En desacuerdo,Ni de acuerdo ni en desacuerdo,Ni de acuerdo ni en desacuerdo
3/20/2023 21:44:00,Santiago,5,18,180,Omnívoro,15,iOS (Apple),8 o más,Sí,4,Otra Religión,Ni de acuerdo ni en desacuerdo,De acuerdo,De acuerdo,En desacuerdo,Ni de acuerdo ni en desacuerdo,En desacuerdo
3/20/2023 21:44:10,Santiago,5,18,167,Omnívoro,13,iOS (Apple),5,No,4,Católica,Ni de acuerdo ni en desacuerdo,De acuerdo,De acuerdo,En desacuerdo,Ni de acuerdo ni en desacuerdo,Ni de acuerdo ni en desacuerdo
3/20/2023 21:44:42,Santiago,5,18,170,Omnívoro,11,Android,7,Sí,1,Agnóstico,De acuerdo,De acuerdo,De acuerdo,En desacuerdo,De acuerdo,Ni de acuerdo ni en desacuerdo
3/20/2023 21:45:04,Santiago,5,18,169,Omnívoro,10,Android,7,No,4,Católica,De acuerdo,De acuerdo,De acuerdo,De acuerdo,De acuerdo,De acuerdo
3/20/2023 21:45:41,Santiago,5,18,181,Omnívoro,20km,iOS (Apple),8 o más,Sí,1,Católica,En desacuerdo,Ni de acuerdo ni en desacuerdo,De acuerdo,En desacuerdo,Ni de acuerdo ni en desacuerdo,En desacuerdo
3/20/2023 21:45:45,Santiago,5,18,160,Omnívoro,11,iOS (Apple),7,Sí,3,Católica,De acuerdo,De acuerdo,De acuerdo,Ni de acuerdo ni en desacuerdo,Ni de acuerdo ni en desacuerdo,En desacuerdo
3/20/2023 21:46:02,Santiago,5,18,165,Omnívoro,3,Android,4,No,5,Ateo,Ni de acuerdo ni en desacuerdo,De acuerdo,De acuerdo,Ni de acuerdo ni en desacuerdo,Ni de acuerdo ni en desacuerdo,En desacuerdo
3/20/2023 21:47:42,Santiago,5,18,178,Omnívoro,40,iOS (Apple),8 o más,No,4,Católica,Ni de acuerdo ni en desacuerdo,Ni de acuerdo ni en desacuerdo,De acuerdo,De acuerdo,Ni de acuerdo ni en desacuerdo,En desacuerdo
3/20/2023 21:50:47,Santiago,5,18,173,Omnívoro,8.3,iOS (Apple),5,No,5,Prefiero no responder,De acuerdo,De acuerdo,De acuerdo,Ni de acuerdo ni en desacuerdo,De acuerdo,Ni de acuerdo ni en desacuerdo
3/20/2023 21:55:52,Santiago,5,18,177,Omnívoro,17,iOS (Apple),8 o más,No,5,Católica,De acuerdo,Ni de acuerdo ni en desacuerdo,De acuerdo,Ni de acuerdo ni en desacuerdo,De acuerdo,De acuerdo
3/20/2023 22:16:06,Santiago,5,18,179,Omnívoro,12,Android,8 o más,No,5,Agnóstico,Ni de acuerdo ni en desacuerdo,De acuerdo,De acuerdo,Ni de acuerdo ni en desacuerdo,De acuerdo,Ni de acuerdo ni en desacuerdo
3/20/2023 22:19:26,Santiago,5,18,178,Omnívoro,10,iOS (Apple),7,Sí,3,Ateo,De acuerdo,Ni de acuerdo ni en desacuerdo,De acuerdo,Ni de acuerdo ni en desacuerdo,De acuerdo,De acuerdo
3/20/2023 22:50:18,Santiago,5,18,175,Omnívoro,11 km,iOS (Apple),7,No,5,Católica,En desacuerdo,Ni de acuerdo ni en desacuerdo,En desacuerdo,En desacuerdo,De acuerdo,En desacuerdo
3/20/2023 22:52:45,Santiago,5,18,169,Omnívoro,12,iOS (Apple),7,Sí,1,Agnóstico,De acuerdo,De acuerdo,De acuerdo,De acuerdo,De acuerdo,Ni de acuerdo ni en desacuerdo
3/20/2023 23:01:15,Santiago,5,18,186,Omnívoro,13,iOS (Apple),6,No,5,Agnóstico,De acuerdo,De acuerdo,De acuerdo,De acuerdo,Ni de acuerdo ni en desacuerdo,En desacuerdo
3/20/2023 23:22:35,Santiago,5,18,180,Omnívoro,35km,iOS (Apple),8 o más,Sí,5,Prefiero no responder,De acuerdo,De acuerdo,De acuerdo,De acuerdo,De acuerdo,De acuerdo
3/20/2023 23:22:37,Santiago,5,18,170,Omnívoro,28,iOS (Apple),8 o más,Sí,5,Prefiero no responder,De acuerdo,De acuerdo,De acuerdo,De acuerdo,De acuerdo,De acuerdo
3/20/2023 23:22:57,Santiago,7,18,180,Omnívoro,8,iOS (Apple),7,No,5,Católica,En desacuerdo,Ni de acuerdo ni en desacuerdo,De acuerdo,En desacuerdo,De acuerdo,De acuerdo
3/20/2023 23:36:12,Santiago,7,18,"1,86",Omnívoro,18,iOS (Apple),8 o más,Sí,1,Prefiero no responder,Ni de acuerdo ni en desacuerdo,Ni de acuerdo ni en desacuerdo,De acuerdo,En desacuerdo,Ni de acuerdo ni en desacuerdo,Ni de acuerdo ni en desacuerdo
3/21/2023 8:15:25,Santiago,7,18,"1,78",Omnívoro,19,HarmonyOS (Huawei),8 o más,Sí,4,Católica,En desacuerdo,En desacuerdo,En desacuerdo,En desacuerdo,De acuerdo,Ni de acuerdo ni en desacuerdo
3/21/2023 8:26:05,Santiago,10,18,181,Omnívoro,5km,Android,7,Sí,1,Católica,Ni de acuerdo ni en desacuerdo,En desacuerdo,Ni de acuerdo ni en desacuerdo,En desacuerdo,De acuerdo,Ni de acuerdo ni en desacuerdo
3/21/2023 8:28:53,Santiago,10,18,165,Omnívoro,40,iOS (Apple),7,No,2,Católica,De acuerdo,De acuerdo,De acuerdo,De acuerdo,De acuerdo,Ni de acuerdo ni en desacuerdo
3/21/2023 9:01:03,Santiago,10,18,"1,65",Omnívoro,12,iOS (Apple),8 o más,No,3,Católica,En desacuerdo,En desacuerdo,Ni de acuerdo ni en desacuerdo,Ni de acuerdo ni en desacuerdo,De acuerdo,Ni de acuerdo ni en desacuerdo
3/21/2023 9:40:13,Santiago,10,18,1.74,Omnívoro,11,Android,7,No,4,Agnóstico,De acuerdo,De acuerdo,De acuerdo,De acuerdo,Ni de acuerdo ni en desacuerdo,Ni de acuerdo ni en desacuerdo
3/21/2023 9:53:11,Santiago,10,18,181,Omnívoro,14,iOS (Apple),7,No,4,Ateo,De acuerdo,Ni de acuerdo ni en desacuerdo,De acuerdo,Ni de acuerdo ni en desacuerdo,De acuerdo,Ni de acuerdo ni en desacuerdo
3/21/2023 9:59:43,Santiago,10,18,"1,71",Omnívoro,10,iOS (Apple),5,No,3,Católica,De acuerdo,De acuerdo,De acuerdo,Ni de acuerdo ni en desacuerdo,De acuerdo,De acuerdo
3/21/2023 10:08:50,Santiago,10,18,188,Omnívoro,5.5,iOS (Apple),8 o más,Sí,3,Católica,En desacuerdo,De acuerdo,De acuerdo,Ni de acuerdo ni en desacuerdo,De acuerdo,Ni de acuerdo ni en desacuerdo
3/21/2023 10:27:54,Santiago,10,18,"1,72",Omnívoro,"6,5",iOS (Apple),7,Sí,4,Agnóstico,De acuerdo,De acuerdo,De acuerdo,De acuerdo,Ni de acuerdo ni en desacuerdo,De acuerdo
3/21/2023 10:38:02,Santiago,10,18,"1,72",Omnívoro,40,iOS (Apple),6,Sí,4,Católica,De acuerdo,De acuerdo,De acuerdo,Ni de acuerdo ni en desacuerdo,De acuerdo,De acuerdo
3/21/2023 10:38:14,Santiago,10,18,"1,67",Omnívoro,16km,iOS (Apple),8 o más,No,5,Católica,De acuerdo,De acuerdo,De acuerdo,En desacuerdo,De acuerdo,En desacuerdo
3/21/2023 10:38:27,Santiago,10,18,176,Omnívoro,10,Android,6,Sí,5,Agnóstico,Ni de acuerdo ni en desacuerdo,De acuerdo,De acuerdo,Ni de acuerdo ni en desacuerdo,De acuerdo,Ni de acuerdo ni en desacuerdo
3/21/2023 10:38:59,Santiago,10,18,"1,71",Omnívoro,16,iOS (Apple),8 o más,No,1,Católica,En desacuerdo,De acuerdo,De acuerdo,En desacuerdo,En desacuerdo,En desacuerdo
3/21/2023 10:39:23,Santiago,10,18,169,Omnívoro,10,Android,8 o más,Sí,5,Iglesia de Jesucristo de los Santos de los Últimos Días,Ni de acuerdo ni en desacuerdo,En desacuerdo,Ni de acuerdo ni en desacuerdo,Ni de acuerdo ni en desacuerdo,De acuerdo,En desacuerdo
3/21/2023 10:40:07,Santiago,10,18,160,Omnívoro,"9,4",iOS (Apple),7,Sí,2,Ateo,De acuerdo,De acuerdo,De acuerdo,Ni de acuerdo ni en desacuerdo,De acuerdo,Ni de acuerdo ni en desacuerdo
3/21/2023 10:40:27,Santiago,10,18,"1,65",Omnívoro,,iOS (Apple),8 o más,Sí,2,Católica,En desacuerdo,Ni de acuerdo ni en desacuerdo,Ni de acuerdo ni en desacuerdo,En desacuerdo,En desacuerdo,De acuerdo
3/21/2023 10:41:24,Santiago,10,18,180,Omnívoro,8,iOS (Apple),8 o más,Sí,5,Ateo,De acuerdo,De acuerdo,De acuerdo,Ni de acuerdo ni en desacuerdo,De acuerdo,De acuerdo
3/21/2023 10:41:53,Santiago,10,18,175,Omnívoro,11,Android,7,Sí,4,Católica,En desacuerdo,En desacuerdo,En desacuerdo,En desacuerdo,De acuerdo,Ni de acuerdo ni en desacuerdo
3/21/2023 10:57:52,Santiago,10,18,190,Omnívoro,15,Otro,8 o más,No,2,Ateo,De acuerdo,De acuerdo,De acuerdo,De acuerdo,De acuerdo,De acuerdo
3/21/2023 10:59:05,Santiago,10,18,171,Omnívoro,"8,8",iOS (Apple),7,No,1,Agnóstico,De acuerdo,De acuerdo,De acuerdo,Ni de acuerdo ni en desacuerdo,De acuerdo,Ni de acuerdo ni en desacuerdo
3/21/2023 10:59:10,Santiago,10,18,179,Omnívoro,5,iOS (Apple),8 o más,Sí,4,Católica,Ni de acuerdo ni en desacuerdo,De acuerdo,De acuerdo,En desacuerdo,Ni de acuerdo ni en desacuerdo,En desacuerdo
3/21/2023 10:59:16,Santiago,10,18,"1,87",Omnívoro,43 km,iOS (Apple),8 o más,No,5,Católica,En desacuerdo,Ni de acuerdo ni en desacuerdo,De acuerdo,De acuerdo,De acuerdo,En desacuerdo
3/21/2023 10:59:28,Santiago,10,18,178,Omnívoro,menos de 1,iOS (Apple),8 o más,No,5,Ateo,De acuerdo,De acuerdo,De acuerdo,De acuerdo,De acuerdo,De acuerdo
3/21/2023 11:00:38,Santiago,10,18,182,Omnívoro,"5,5",Android,8 o más,No,3,Ateo,De acuerdo,De acuerdo,De acuerdo,De acuerdo,De acuerdo,De acuerdo
3/21/2023 11:02:30,Santiago,10,18,180,Omnívoro,18,iOS (Apple),Prefiero no responder,Sí,4,Ateo,,De acuerdo,De acuerdo,De acuerdo,De acuerdo,De acuerdo
3/21/2023 11:04:37,Santiago,10,18,"1,57",Omnívoro,18 km,iOS (Apple),7,Sí,3,Ateo,De acuerdo,De acuerdo,De acuerdo,De acuerdo,De acuerdo,Ni de acuerdo ni en desacuerdo
3/21/2023 11:08:03,Santiago,10,18,173,Omnívoro,2,iOS (Apple),7,Sí,5,Ateo,Ni de acuerdo ni en desacuerdo,De acuerdo,Ni de acuerdo ni en desacuerdo,En desacuerdo,De acuerdo,En desacuerdo
3/21/2023 11:09:33,Santiago,10,18,,Omnívoro,"4,2",iOS (Apple),6,No,5,Católica,De acuerdo,De acuerdo,De acuerdo,En desacuerdo,Ni de acuerdo ni en desacuerdo,En desacuerdo
3/21/2023 11:42:15,Santiago,10,18,1.54,Omnívoro,10.5,Android,8 o más,No,5,Agnóstico,De acuerdo,De acuerdo,De acuerdo,Ni de acuerdo ni en desacuerdo,De acuerdo,De acuerdo
3/21/2023 12:13:49,Santiago,10,18,176,Omnívoro,15,iOS (Apple),7,Sí,3,Católica,Ni de acuerdo ni en desacuerdo,De acuerdo,De acuerdo,En desacuerdo,En desacuerdo,En desacuerdo
3/21/2023 12:23:07,Santiago,10,18,180,Omnívoro,24km,iOS (Apple),8 o más,No,5,Católica,De acuerdo,De acuerdo,De acuerdo,Ni de acuerdo ni en desacuerdo,De acuerdo,En desacuerdo
3/21/2023 12:45:36,Santiago,10,18,171,Omnívoro,15,Android,8 o más,Sí,3,Católica,Ni de acuerdo ni en desacuerdo,De acuerdo,De acuerdo,Ni de acuerdo ni en desacuerdo,En desacuerdo,Ni de acuerdo ni en desacuerdo
3/21/2023 14:01:10,Santiago,11,18,164,Omnívoro,40,iOS (Apple),8 o más,Sí,4,Católica,Ni de acuerdo ni en desacuerdo,Ni de acuerdo ni en desacuerdo,De acuerdo,En desacuerdo,De acuerdo,En desacuerdo
3/21/2023 14:02:56,Santiago,11,18,190,Omnívoro,15,iOS (Apple),8 o más,Sí,3,Ateo,En desacuerdo,De acuerdo,En desacuerdo,En desacuerdo,Ni de acuerdo ni en desacuerdo,En desacuerdo
3/21/2023 14:09:25,Santiago,11,18,1.85,Omnívoro,10 Km,Android,8 o más,Sí,5,Católica,Ni de acuerdo ni en desacuerdo,En desacuerdo,En desacuerdo,Ni de acuerdo ni en desacuerdo,Ni de acuerdo ni en desacuerdo,En desacuerdo
3/21/2023 14:09:30,Santiago,11,18,178,Omnívoro,9.1,iOS (Apple),8 o más,Sí,4,Ateo,De acuerdo,De acuerdo,De acuerdo,De acuerdo,De acuerdo,En desacuerdo
3/21/2023 14:10:07,Santiago,12,18,1.81,Omnívoro,36,iOS (Apple),8 o más,No,5,Ateo,Ni de acuerdo ni en desacuerdo,De acuerdo,De acuerdo,Ni de acuerdo ni en desacuerdo,De acuerdo,En desacuerdo
3/21/2023 14:10:34,Santiago,13,18,158,Omnívoro,7,iOS (Apple),Prefiero no responder,No,4,Ateo,De acuerdo,Ni de acuerdo ni en desacuerdo,De acuerdo,Ni de acuerdo ni en desacuerdo,De acuerdo,Ni de acuerdo ni en desacuerdo
3/21/2023 14:15:27,Santiago,13,18,1.75,Omnívoro,5km ,iOS (Apple),8 o más,No,5,Ateo,De acuerdo,De acuerdo,De acuerdo,De acuerdo,Ni de acuerdo ni en desacuerdo,Ni de acuerdo ni en desacuerdo
3/21/2023 14:15:36,Santiago,13,18,173,Omnívoro,13,iOS (Apple),7,No,5,Católica,De acuerdo,De acuerdo,De acuerdo,De acuerdo,Ni de acuerdo ni en desacuerdo,En desacuerdo
3/21/2023 14:16:13,Santiago,13,18,"1,86",Omnívoro,12,Android,7,No,4,Católica,Ni de acuerdo ni en desacuerdo,De acuerdo,Ni de acuerdo ni en desacuerdo,Ni de acuerdo ni en desacuerdo,De acuerdo,En desacuerdo
3/21/2023 14:17:33,Santiago,13,18,169,Omnívoro,13,Android,8 o más,No,5,Prefiero no responder,De acuerdo,De acuerdo,De acuerdo,En desacuerdo,Ni de acuerdo ni en desacuerdo,Ni de acuerdo ni en desacuerdo
3/21/2023 14:17:38,Santiago,13,18,178,Omnívoro,8,iOS (Apple),8 o más,Sí,5,Evangélica,De acuerdo,Ni de acuerdo ni en desacuerdo,De acuerdo,Ni de acuerdo ni en desacuerdo,De acuerdo,De acuerdo
3/21/2023 14:17:49,Santiago,13,18,1.89,Omnívoro,30km,Android,8 o más,Sí,5,Ateo,De acuerdo,De acuerdo,De acuerdo,De acuerdo,De acuerdo,De acuerdo
3/21/2023 14:18:15,Santiago,13,18,170,Omnívoro,4,iOS (Apple),8 o más,No,4,Evangélica,Ni de acuerdo ni en desacuerdo,De acuerdo,De acuerdo,De acuerdo,De acuerdo,De acuerdo
3/21/2023 14:18:30,Santiago,13,18,164,Omnívoro,11,Android,4,Sí,4,Prefiero no responder,De acuerdo,De acuerdo,De acuerdo,De acuerdo,De acuerdo,Ni de acuerdo ni en desacuerdo
3/21/2023 14:27:41,Santiago,13,18,1.74,Omnívoro,"37,7",iOS (Apple),8 o más,Sí,3,Otra Religión,De acuerdo,De acuerdo,De acuerdo,De acuerdo,De acuerdo,De acuerdo
3/21/2023 14:28:23,Santiago,13,18,180,Omnívoro,45,iOS (Apple),,No,5,Católica,En desacuerdo,En desacuerdo,En desacuerdo,De acuerdo,Ni de acuerdo ni en desacuerdo,En desacuerdo
3/21/2023 14:50:13,Santiago,13,18,171,Omnívoro,9,iOS (Apple),6,No,3,Católica,De acuerdo,De acuerdo,De acuerdo,Ni de acuerdo ni en desacuerdo,De acuerdo,De acuerdo
8/4/2022 19:06:25,Santiago,1,19,170,Omnívoro,11.4,Android,8 o más,No,4,Católica,En desacuerdo,De acuerdo,De acuerdo,De acuerdo,En desacuerdo,Ni de acuerdo ni en desacuerdo
8/5/2022 0:59:48,Santiago,1,19,183,Omnívoro,8.4,Android,8 o más,Sí,3,Ateo,De acuerdo,De acuerdo,De acuerdo,De acuerdo,De acuerdo,Ni de acuerdo ni en desacuerdo
8/5/2022 11:58:01,Santiago,1,19,170,Omnívoro,10,iOS (Apple),8 o más,No,3,Ateo,En desacuerdo,De acuerdo,De acuerdo,Ni de acuerdo ni en desacuerdo,Ni de acuerdo ni en desacuerdo,En desacuerdo
8/5/2022 15:24:48,Santiago,1,19,180,Omnívoro,13km,iOS (Apple),4,No,1,Ateo,En desacuerdo,Ni de acuerdo ni en desacuerdo,En desacuerdo,En desacuerdo,Ni de acuerdo ni en desacuerdo,En desacuerdo
8/5/2022 15:27:16,Santiago,1,19,"1,81",Omnívoro,16,iOS (Apple),8 o más,No,3,Judía,Ni de acuerdo ni en desacuerdo,Ni de acuerdo ni en desacuerdo,De acuerdo,De acuerdo,De acuerdo,En desacuerdo
8/5/2022 15:27:52,Santiago,1,19,184,Omnívoro,11,Android,8 o más,No,3,Prefiero no responder,Ni de acuerdo ni en desacuerdo,De acuerdo,De acuerdo,De acuerdo,Ni de acuerdo ni en desacuerdo,En desacuerdo
8/5/2022 15:28:24,Santiago,1,19,168,Omnívoro,,Android,5,No,4,Agnóstico,Ni de acuerdo ni en desacuerdo,De acuerdo,De acuerdo,De acuerdo,De acuerdo,En desacuerdo
8/5/2022 15:32:51,Santiago,1,19,176,Omnívoro,35,iOS (Apple),8 o más,No,2,Agnóstico,De acuerdo,De acuerdo,De acuerdo,De acuerdo,Ni de acuerdo ni en desacuerdo,En desacuerdo
8/5/2022 15:39:01,Santiago,1,19,180,Omnívoro,7,iOS (Apple),6,No,2,Evangélica,Ni de acuerdo ni en desacuerdo,Ni de acuerdo ni en desacuerdo,En desacuerdo,Ni de acuerdo ni en desacuerdo,De acuerdo,En desacuerdo
8/5/2022 19:42:01,Santiago,1,19,162,Omnívoro,16,iOS (Apple),8 o más,No,5,Católica,En desacuerdo,Ni de acuerdo ni en desacuerdo,De acuerdo,De acuerdo,De acuerdo,En desacuerdo
8/5/2022 19:51:42,Santiago,1,19,185,Omnívoro,20,iOS (Apple),7,Sí,2,Agnóstico,De acuerdo,De acuerdo,De acuerdo,En desacuerdo,Ni de acuerdo ni en desacuerdo,En desacuerdo
8/5/2022 21:06:02,Santiago,1,19,172,Omnívoro,20,iOS (Apple),8 o más,No,3,Ateo,De acuerdo,Ni de acuerdo ni en desacuerdo,De acuerdo,En desacuerdo,De acuerdo,En desacuerdo
8/6/2022 0:16:15,Santiago,1,19,"1,68",Omnívoro,5,iOS (Apple),7,Sí,5,Católica,De acuerdo,De acuerdo,De acuerdo,De acuerdo,De acuerdo,Ni de acuerdo ni en desacuerdo
8/6/2022 0:24:19,Santiago,1,19,178,Omnívoro,8,iOS (Apple),7,No,5,Ateo,De acuerdo,Ni de acuerdo ni en desacuerdo,De acuerdo,Ni de acuerdo ni en desacuerdo,De acuerdo,Ni de acuerdo ni en desacuerdo
8/6/2022 12:08:58,Santiago,1,19,164,Omnívoro,,Android,5,No,4,Católica,De acuerdo,Ni de acuerdo ni en desacuerdo,De acuerdo,De acuerdo,De acuerdo,De acuerdo
8/6/2022 18:29:52,Santiago,1,19,,Omnívoro,,Android,7,No,5,Católica,De acuerdo,De acuerdo,En desacuerdo,En desacuerdo,De acuerdo,En desacuerdo
8/6/2022 18:55:09,Santiago,1,19,185,Omnívoro,30,iOS (Apple),8 o más,Sí,3,Prefiero no responder,De acuerdo,Ni de acuerdo ni en desacuerdo,De acuerdo,Ni de acuerdo ni en desacuerdo,De acuerdo,En desacuerdo
8/6/2022 20:37:21,Santiago,1,19,"1,91",Omnívoro,"9,6 ",iOS (Apple),8 o más,No,4,Prefiero no responder,De acuerdo,De acuerdo,De acuerdo,De acuerdo,De acuerdo,Ni de acuerdo ni en desacuerdo
8/7/2022 2:52:24,Santiago,1,19,1.68,Omnívoro,"1,6 kilómetros ",Android,7,Sí,5,Católica,De acuerdo,De acuerdo,De acuerdo,En desacuerdo,Ni de acuerdo ni en desacuerdo,En desacuerdo
8/7/2022 11:47:59,Santiago,1,19,176,Omnívoro,10,Android,8 o más,No,3,Evangélica,En desacuerdo,En desacuerdo,Ni de acuerdo ni en desacuerdo,En desacuerdo,Ni de acuerdo ni en desacuerdo,En desacuerdo
8/7/2022 14:18:42,Santiago,1,19,162,Omnívoro,36,iOS (Apple),7,No,4,Agnóstico,De acuerdo,De acuerdo,De acuerdo,Ni de acuerdo ni en desacuerdo,De acuerdo,Ni de acuerdo ni en desacuerdo
8/7/2022 20:36:33,Santiago,1,19,175,Omnívoro,12,iOS (Apple),8 o más,Sí,4,Católica,De acuerdo,De acuerdo,De acuerdo,Ni de acuerdo ni en desacuerdo,En desacuerdo,En desacuerdo
8/7/2022 22:30:15,Santiago,1,19,173,Omnívoro,17,iOS (Apple),8 o más,Sí,4,Judía,De acuerdo,Ni de acuerdo ni en desacuerdo,De acuerdo,Ni de acuerdo ni en desacuerdo,Ni de acuerdo ni en desacuerdo,En desacuerdo
8/7/2022 22:32:35,Santiago,1,19,180,Omnívoro,18,iOS (Apple),7,Sí,5,Ateo,Ni de acuerdo ni en desacuerdo,Ni de acuerdo ni en desacuerdo,De acuerdo,De acuerdo,De acuerdo,En desacuerdo
8/7/2022 23:26:45,Santiago,1,19,168,Omnívoro,46,iOS (Apple),5,No,4,Católica,De acuerdo,De acuerdo,De acuerdo,Ni de acuerdo ni en desacuerdo,De acuerdo,En desacuerdo
8/8/2022 0:02:02,Santiago,1,19,164,Omnívoro,6.2,iOS (Apple),4,Sí,4,Ateo,De acuerdo,De acuerdo,De acuerdo,Ni de acuerdo ni en desacuerdo,De acuerdo,En desacuerdo
8/8/2022 1:41:32,Santiago,1,19,177,Omnívoro,15,Android,8 o más,No,2,Agnóstico,De acuerdo,De acuerdo,De acuerdo,De acuerdo,De acuerdo,En desacuerdo
8/8/2022 6:27:54,Santiago,1,19,"1,60",Omnívoro,10km,iOS (Apple),6,Sí,4,Agnóstico,De acuerdo,De acuerdo,De acuerdo,En desacuerdo,Ni de acuerdo ni en desacuerdo,En desacuerdo
8/8/2022 9:02:42,Santiago,1,19,178,Omnívoro,24,iOS (Apple),8 o más,Sí,1,Católica,En desacuerdo,Ni de acuerdo ni en desacuerdo,En desacuerdo,Ni de acuerdo ni en desacuerdo,Ni de acuerdo ni en desacuerdo,En desacuerdo
8/8/2022 19:18:28,Santiago,1,19,175,Omnívoro,18,iOS (Apple),8 o más,No,3,Ateo,En desacuerdo,En desacuerdo,De acuerdo,De acuerdo,Ni de acuerdo ni en desacuerdo,En desacuerdo
8/8/2022 21:57:29,Santiago,1,19,178,Omnívoro,5.5,iOS (Apple),6,No,5,Agnóstico,De acuerdo,De acuerdo,De acuerdo,De acuerdo,De acuerdo,De acuerdo
8/9/2022 13:38:50,Santiago,1,19,171,Omnívoro,55,iOS (Apple),7,Sí,2,Agnóstico,De acuerdo,De acuerdo,De acuerdo,En desacuerdo,De acuerdo,En desacuerdo
3/17/2023 14:31:35,Santiago,1,19,170,Omnívoro,8.3,Android,7,Sí,4,Ateo,Ni de acuerdo ni en desacuerdo,De acuerdo,De acuerdo,Ni de acuerdo ni en desacuerdo,De acuerdo,En desacuerdo
3/17/2023 19:31:05,Santiago,1,19,176,Omnívoro,4,Android,8 o más,No,4,Ateo,De acuerdo,De acuerdo,De acuerdo,Ni de acuerdo ni en desacuerdo,Ni de acuerdo ni en desacuerdo,Ni de acuerdo ni en desacuerdo
3/17/2023 21:36:57,Santiago,1,19,1.68,Omnívoro,27 kilómetros ,iOS (Apple),7,Sí,3,Católica,De acuerdo,De acuerdo,De acuerdo,Ni de acuerdo ni en desacuerdo,De acuerdo,De acuerdo
3/17/2023 23:30:44,Santiago,2,19,167,Omnívoro,3.8km,Android,6,No,4,Agnóstico,Ni de acuerdo ni en desacuerdo,De acuerdo,De acuerdo,De acuerdo,De acuerdo,Ni de acuerdo ni en desacuerdo
3/18/2023 0:04:46,Santiago,2,19,155,Omnívoro,10 km,Android,8 o más,No,5,Testigos de Jehová,De acuerdo,Ni de acuerdo ni en desacuerdo,De acuerdo,En desacuerdo,Ni de acuerdo ni en desacuerdo,Ni de acuerdo ni en desacuerdo
3/18/2023 13:07:22,Santiago,2,19,154,Omnívoro,3,iOS (Apple),6,Sí,4,Iglesia de Jesucristo de los Santos de los Últimos Días,Ni de acuerdo ni en desacuerdo,De acuerdo,De acuerdo,De acuerdo,De acuerdo,De acuerdo
3/19/2023 13:18:51,Santiago,2,19,193,Omnívoro,17,iOS (Apple),8 o más,No,1,Ateo,De acuerdo,De acuerdo,De acuerdo,De acuerdo,En desacuerdo,En desacuerdo
3/19/2023 13:19:51,Santiago,2,19,186,Omnívoro,12km,iOS (Apple),7,No,5,Otra Religión,De acuerdo,De acuerdo,Ni de acuerdo ni en desacuerdo,Ni de acuerdo ni en desacuerdo,De acuerdo,En desacuerdo
3/19/2023 13:29:28,Santiago,2,19,168,Omnívoro,20,Android,7,No,1,Prefiero no responder,De acuerdo,De acuerdo,Ni de acuerdo ni en desacuerdo,De acuerdo,En desacuerdo,En desacuerdo
3/19/2023 13:54:05,Santiago,3,19,1.74,Omnívoro,17,iOS (Apple),8 o más,No,4,Católica,Ni de acuerdo ni en desacuerdo,Ni de acuerdo ni en desacuerdo,En desacuerdo,De acuerdo,De acuerdo,Ni de acuerdo ni en desacuerdo
3/19/2023 14:39:04,Santiago,3,19,175,Omnívoro,20,iOS (Apple),8 o más,Sí,3,Católica,En desacuerdo,En desacuerdo,Ni de acuerdo ni en desacuerdo,Ni de acuerdo ni en desacuerdo,Ni de acuerdo ni en desacuerdo,En desacuerdo
3/19/2023 15:04:31,Santiago,3,19,159,Omnívoro,13,iOS (Apple),5,Sí,3,Evangélica,Ni de acuerdo ni en desacuerdo,De acuerdo,De acuerdo,Ni de acuerdo ni en desacuerdo,Ni de acuerdo ni en desacuerdo,De acuerdo
3/19/2023 15:29:58,Santiago,3,19,1.71,Omnívoro,5km,iOS (Apple),7,Sí,5,Agnóstico,De acuerdo,Ni de acuerdo ni en desacuerdo,De acuerdo,De acuerdo,De acuerdo,Ni de acuerdo ni en desacuerdo
3/19/2023 16:51:19,Santiago,3,19,"1,75",Omnívoro,13 km,iOS (Apple),7,Sí,1,Prefiero no responder,Ni de acuerdo ni en desacuerdo,Ni de acuerdo ni en desacuerdo,De acuerdo,En desacuerdo,De acuerdo,Ni de acuerdo ni en desacuerdo
3/19/2023 16:58:27,Santiago,3,19,180,Omnívoro,8,iOS (Apple),8 o más,Sí,5,Católica,En desacuerdo,Ni de acuerdo ni en desacuerdo,Ni de acuerdo ni en desacuerdo,De acuerdo,De acuerdo,En desacuerdo
3/19/2023 17:35:20,Santiago,3,19,163,Omnívoro,264,iOS (Apple),6,No,3,Ateo,De acuerdo,De acuerdo,De acuerdo,Ni de acuerdo ni en desacuerdo,De acuerdo,Ni de acuerdo ni en desacuerdo
3/19/2023 18:58:58,Santiago,3,19,174,Omnívoro,"33,5",iOS (Apple),8 o más,Sí,3,Católica,En desacuerdo,Ni de acuerdo ni en desacuerdo,Ni de acuerdo ni en desacuerdo,Ni de acuerdo ni en desacuerdo,De acuerdo,En desacuerdo
3/19/2023 19:56:07,Santiago,3,19,1.74,Omnívoro,25,iOS (Apple),8 o más,No,1,Católica,En desacuerdo,Ni de acuerdo ni en desacuerdo,En desacuerdo,De acuerdo,En desacuerdo,En desacuerdo
3/19/2023 20:24:00,Santiago,4,19,"1,93",Omnívoro,"20,4km",iOS (Apple),8 o más,Sí,5,Católica,,,,,,
3/19/2023 20:31:23,Santiago,4,19,170,Omnívoro,19,iOS (Apple),8 o más,No,5,Católica,En desacuerdo,En desacuerdo,En desacuerdo,En desacuerdo,Ni de acuerdo ni en desacuerdo,En desacuerdo
3/19/2023 22:03:20,Santiago,4,19,191,Omnívoro,13,Android,8 o más,No,3,Agnóstico,En desacuerdo,De acuerdo,Ni de acuerdo ni en desacuerdo,De acuerdo,De acuerdo,En desacuerdo
3/19/2023 22:20:28,Santiago,4,19,198,Omnívoro,"9,6",iOS (Apple),8 o más,Sí,4,Judía,De acuerdo,De acuerdo,De acuerdo,De acuerdo,De acuerdo,En desacuerdo
3/19/2023 22:37:09,Santiago,4,19,181,Omnívoro,13,iOS (Apple),8 o más,No,5,Prefiero no responder,Ni de acuerdo ni en desacuerdo,De acuerdo,De acuerdo,Ni de acuerdo ni en desacuerdo,Ni de acuerdo ni en desacuerdo,En desacuerdo
3/20/2023 0:10:09,Santiago,4,19,190,Omnívoro,"9,3",iOS (Apple),8 o más,Sí,4,Prefiero no responder,De acuerdo,De acuerdo,De acuerdo,Ni de acuerdo ni en desacuerdo,De acuerdo,Ni de acuerdo ni en desacuerdo
3/20/2023 7:23:05,Santiago,4,19,172,Omnívoro,50,iOS (Apple),7,Sí,3,Prefiero no responder,De acuerdo,Ni de acuerdo ni en desacuerdo,De acuerdo,De acuerdo,De acuerdo,De acuerdo
3/20/2023 11:12:18,Santiago,4,19,166,Omnívoro,9,iOS (Apple),5,Sí,5,Ateo,De acuerdo,De acuerdo,De acuerdo,Ni de acuerdo ni en desacuerdo,Ni de acuerdo ni en desacuerdo,Ni de acuerdo ni en desacuerdo
3/20/2023 21:37:09,Santiago,5,19,"1,63",Omnívoro,"12,7 ",iOS (Apple),7,Sí,3,Católica,Ni de acuerdo ni en desacuerdo,Ni de acuerdo ni en desacuerdo,De acuerdo,Ni de acuerdo ni en desacuerdo,Ni de acuerdo ni en desacuerdo,Ni de acuerdo ni en desacuerdo
3/20/2023 21:43:36,Santiago,5,19,162,Omnívoro,9.1,iOS (Apple),8 o más,Sí,3,Agnóstico,De acuerdo,De acuerdo,De acuerdo,De acuerdo,De acuerdo,De acuerdo
3/20/2023 21:43:52,Santiago,5,19,,Omnívoro,35 km,iOS (Apple),8 o más,Sí,1,Católica,Ni de acuerdo ni en desacuerdo,Ni de acuerdo ni en desacuerdo,Ni de acuerdo ni en desacuerdo,Ni de acuerdo ni en desacuerdo,Ni de acuerdo ni en desacuerdo,Ni de acuerdo ni en desacuerdo
3/20/2023 21:44:54,Santiago,5,19,186,Omnívoro,15,iOS (Apple),8 o más,Sí,4,Católica,En desacuerdo,De acuerdo,En desacuerdo,De acuerdo,Ni de acuerdo ni en desacuerdo,En desacuerdo
3/20/2023 21:44:59,Santiago,5,19,184,Omnívoro,"1,5km",iOS (Apple),7,Sí,4,Prefiero no responder,De acuerdo,De acuerdo,De acuerdo,De acuerdo,De acuerdo,Ni de acuerdo ni en desacuerdo
3/20/2023 21:49:13,Santiago,5,19,"1,66",Omnívoro,"5,5",iOS (Apple),8 o más,No,5,Prefiero no responder,Ni de acuerdo ni en desacuerdo,De acuerdo,De acuerdo,En desacuerdo,Ni de acuerdo ni en desacuerdo,Ni de acuerdo ni en desacuerdo
3/20/2023 21:51:04,Santiago,5,19,190,Omnívoro,17,iOS (Apple),8 o más,No,5,Católica,De acuerdo,De acuerdo,De acuerdo,De acuerdo,De acuerdo,Ni de acuerdo ni en desacuerdo
3/20/2023 21:53:00,Santiago,5,19,171,Omnívoro,12,iOS (Apple),7,No,3,Católica,En desacuerdo,De acuerdo,De acuerdo,De acuerdo,Ni de acuerdo ni en desacuerdo,Ni de acuerdo ni en desacuerdo
3/20/2023 22:10:44,Santiago,5,19,184,Omnívoro,10,iOS (Apple),8 o más,No,3,Ateo,De acuerdo,De acuerdo,De acuerdo,De acuerdo,De acuerdo,En desacuerdo
3/20/2023 22:59:45,Santiago,5,19,1.77,Omnívoro,13k,iOS (Apple),8 o más,No,2,Católica,Ni de acuerdo ni en desacuerdo,Ni de acuerdo ni en desacuerdo,De acuerdo,De acuerdo,De acuerdo,En desacuerdo
3/20/2023 23:00:04,Santiago,5,19,180,Omnívoro,40,Android,6,No,3,Prefiero no responder,Ni de acuerdo ni en desacuerdo,De acuerdo,De acuerdo,De acuerdo,Ni de acuerdo ni en desacuerdo,En desacuerdo
3/20/2023 23:09:36,Santiago,5,19,183,Omnívoro,13,iOS (Apple),8 o más,Sí,2,Católica,Ni de acuerdo ni en desacuerdo,Ni de acuerdo ni en desacuerdo,De acuerdo,Ni de acuerdo ni en desacuerdo,De acuerdo,En desacuerdo
3/20/2023 23:34:07,Santiago,7,19,178,Omnívoro,15,iOS (Apple),7,No,3,Católica,En desacuerdo,En desacuerdo,En desacuerdo,En desacuerdo,Ni de acuerdo ni en desacuerdo,En desacuerdo
3/20/2023 23:56:34,Santiago,7,19,156,Omnívoro,10 km,iOS (Apple),8 o más,No,4,Prefiero no responder,De acuerdo,De acuerdo,De acuerdo,Ni de acuerdo ni en desacuerdo,De acuerdo,Ni de acuerdo ni en desacuerdo
3/21/2023 1:29:56,Santiago,7,19,180,Omnívoro,11,Android,8 o más,No,5,Otra Religión,Ni de acuerdo ni en desacuerdo,De acuerdo,Ni de acuerdo ni en desacuerdo,Ni de acuerdo ni en desacuerdo,En desacuerdo,En desacuerdo
3/21/2023 8:10:53,Santiago,7,19,179,Omnívoro,11,iOS (Apple),8 o más,Sí,5,Católica,Ni de acuerdo ni en desacuerdo,De acuerdo,De acuerdo,De acuerdo,Ni de acuerdo ni en desacuerdo,Ni de acuerdo ni en desacuerdo
3/21/2023 10:03:19,Santiago,10,19,187,Omnívoro,12,iOS (Apple),8 o más,No,1,Prefiero no responder,En desacuerdo,Ni de acuerdo ni en desacuerdo,Ni de acuerdo ni en desacuerdo,De acuerdo,Ni de acuerdo ni en desacuerdo,Ni de acuerdo ni en desacuerdo
3/21/2023 10:37:37,Santiago,10,19,173,Omnívoro,7,iOS (Apple),8 o más,No,3,Agnóstico,De acuerdo,Ni de acuerdo ni en desacuerdo,De acuerdo,Ni de acuerdo ni en desacuerdo,De acuerdo,Ni de acuerdo ni en desacuerdo
3/21/2023 10:38:02,Santiago,10,19,173,Omnívoro,10,Android,7,No,5,Otra Religión,Ni de acuerdo ni en desacuerdo,De acuerdo,Ni de acuerdo ni en desacuerdo,Ni de acuerdo ni en desacuerdo,En desacuerdo,En desacuerdo
3/21/2023 10:38:50,Santiago,10,19,185,Omnívoro,17,iOS (Apple),8 o más,Sí,4,Judía,De acuerdo,Ni de acuerdo ni en desacuerdo,De acuerdo,Ni de acuerdo ni en desacuerdo,Ni de acuerdo ni en desacuerdo,En desacuerdo
3/21/2023 10:39:45,Santiago,10,19,167,Omnívoro,10,iOS (Apple),7,No,4,Prefiero no responder,Ni de acuerdo ni en desacuerdo,Ni de acuerdo ni en desacuerdo,De acuerdo,Ni de acuerdo ni en desacuerdo,De acuerdo,Ni de acuerdo ni en desacuerdo
3/21/2023 10:40:31,Santiago,10,19,180,Omnívoro,4,iOS (Apple),5,No,2,Islam,De acuerdo,De acuerdo,De acuerdo,De acuerdo,De acuerdo,De acuerdo
3/21/2023 10:58:52,Santiago,10,19,173,Omnívoro,13,iOS (Apple),8 o más,Sí,5,Agnóstico,Ni de acuerdo ni en desacuerdo,De acuerdo,De acuerdo,Ni de acuerdo ni en desacuerdo,En desacuerdo,En desacuerdo
3/21/2023 11:19:00,Santiago,10,19,188,Omnívoro,9,iOS (Apple),8 o más,No,5,Católica,Ni de acuerdo ni en desacuerdo,De acuerdo,De acuerdo,De acuerdo,De acuerdo,De acuerdo
3/21/2023 14:05:45,Santiago,11,19,"1,63",Omnívoro,50,iOS (Apple),7,No,4,Católica,Ni de acuerdo ni en desacuerdo,De acuerdo,Ni de acuerdo ni en desacuerdo,En desacuerdo,De acuerdo,En desacuerdo
3/21/2023 14:09:18,Santiago,11,19,"1,77",Omnívoro,14,iOS (Apple),8 o más,Sí,3,Católica,De acuerdo,Ni de acuerdo ni en desacuerdo,De acuerdo,De acuerdo,De acuerdo,Ni de acuerdo ni en desacuerdo
3/21/2023 14:10:18,Santiago,13,19,168,Omnívoro,9,iOS (Apple),8 o más,Sí,4,Ateo,De acuerdo,Ni de acuerdo ni en desacuerdo,De acuerdo,De acuerdo,De acuerdo,De acuerdo
3/21/2023 14:13:57,Santiago,13,19,"1,78",Omnívoro,36,iOS (Apple),Prefiero no responder,Sí,1,Católica,Ni de acuerdo ni en desacuerdo,De acuerdo,De acuerdo,De acuerdo,De acuerdo,En desacuerdo
3/21/2023 14:15:54,Santiago,13,19,170,Omnívoro,23,iOS (Apple),8 o más,Sí,5,Ateo,De acuerdo,De acuerdo,De acuerdo,Ni de acuerdo ni en desacuerdo,De acuerdo,De acuerdo
3/21/2023 14:16:21,Santiago,13,19,175,Omnívoro,8,iOS (Apple),6,Sí,5,Agnóstico,De acuerdo,En desacuerdo,En desacuerdo,Ni de acuerdo ni en desacuerdo,En desacuerdo,De acuerdo
3/21/2023 14:18:06,Santiago,13,19,174,Omnívoro,40,iOS (Apple),7,Sí,1,Ateo,Ni de acuerdo ni en desacuerdo,Ni de acuerdo ni en desacuerdo,Ni de acuerdo ni en desacuerdo,Ni de acuerdo ni en desacuerdo,Ni de acuerdo ni en desacuerdo,Ni de acuerdo ni en desacuerdo
3/21/2023 14:18:33,Santiago,13,19,175,Omnívoro,8,iOS (Apple),6,Sí,5,Agnóstico,En desacuerdo,De acuerdo,De acuerdo,Ni de acuerdo ni en desacuerdo,De acuerdo,En desacuerdo
3/21/2023 14:19:35,Santiago,13,19,1.57,Omnívoro,19,iOS (Apple),7,Sí,4,Ateo,De acuerdo,Ni de acuerdo ni en desacuerdo,De acuerdo,Ni de acuerdo ni en desacuerdo,Ni de acuerdo ni en desacuerdo,En desacuerdo
3/21/2023 14:22:14,Santiago,13,19,180,Omnívoro,12,Android,7,No,5,Otra Religión,Ni de acuerdo ni en desacuerdo,De acuerdo,De acuerdo,De acuerdo,De acuerdo,De acuerdo
3/21/2023 14:24:13,Santiago,13,19,177,Omnívoro,9.1,Android,8 o más,No,3,Católica,Ni de acuerdo ni en desacuerdo,Ni de acuerdo ni en desacuerdo,De acuerdo,Ni de acuerdo ni en desacuerdo,Ni de acuerdo ni en desacuerdo,Ni de acuerdo ni en desacuerdo
8/6/2022 0:47:01,Santiago,1,20,161,Omnívoro,19,Android,8 o más,Sí,3,Católica,Ni de acuerdo ni en desacuerdo,De acuerdo,De acuerdo,Ni de acuerdo ni en desacuerdo,Ni de acuerdo ni en desacuerdo,Ni de acuerdo ni en desacuerdo
8/6/2022 14:00:41,Santiago,1,20,"1,77",Omnívoro,10,iOS (Apple),8 o más,No,5,Agnóstico,De acuerdo,De acuerdo,De acuerdo,De acuerdo,De acuerdo,En desacuerdo
8/7/2022 4:04:34,Santiago,1,20,1.6,Omnívoro,4,iOS (Apple),8 o más,Sí,5,Católica,De acuerdo,De acuerdo,De acuerdo,Ni de acuerdo ni en desacuerdo,De acuerdo,En desacuerdo
8/9/2022 14:04:45,Santiago,1,20,177,Omnívoro,10,HarmonyOS (Huawei),7,No,2,Prefiero no responder,En desacuerdo,En desacuerdo,Ni de acuerdo ni en desacuerdo,Ni de acuerdo ni en desacuerdo,Ni de acuerdo ni en desacuerdo,En desacuerdo
3/17/2023 20:04:04,Santiago,1,20,180,Omnívoro,12,iOS (Apple),8 o más,Sí,5,Ateo,En desacuerdo,Ni de acuerdo ni en desacuerdo,De acuerdo,De acuerdo,De acuerdo,En desacuerdo
3/19/2023 21:41:30,Santiago,4,20,"1,67",Omnívoro,"9,3 km",iOS (Apple),8 o más,Sí,3,Ateo,De acuerdo,De acuerdo,De acuerdo,De acuerdo,De acuerdo,Ni de acuerdo ni en desacuerdo
3/20/2023 12:32:51,Santiago,4,20,175,Omnívoro,18km,iOS (Apple),8 o más,Sí,5,Ateo,De acuerdo,De acuerdo,De acuerdo,De acuerdo,De acuerdo,Ni de acuerdo ni en desacuerdo
3/20/2023 21:44:17,Santiago,5,20,1.75,Omnívoro,5,Android,8 o más,No,4,Ateo,De acuerdo,De acuerdo,De acuerdo,De acuerdo,De acuerdo,De acuerdo
3/20/2023 21:47:53,Santiago,5,20,178,Omnívoro,15,iOS (Apple),7,No,3,Prefiero no responder,Ni de acuerdo ni en desacuerdo,De acuerdo,De acuerdo,De acuerdo,De acuerdo,De acuerdo
3/20/2023 23:31:20,Santiago,7,20,176,Omnívoro,20 km,iOS (Apple),7,No,3,Católica,De acuerdo,De acuerdo,De acuerdo,En desacuerdo,De acuerdo,Ni de acuerdo ni en desacuerdo
3/21/2023 1:16:44,Santiago,7,20,177,Omnívoro,12 km,Android,7,Sí,3,Católica,En desacuerdo,Ni de acuerdo ni en desacuerdo,De acuerdo,De acuerdo,Ni de acuerdo ni en desacuerdo,En desacuerdo
3/21/2023 8:25:32,Santiago,10,20,166,Omnívoro,32,iOS (Apple),7,No,5,Católica,Ni de acuerdo ni en desacuerdo,En desacuerdo,En desacuerdo,En desacuerdo,De acuerdo,En desacuerdo
3/21/2023 11:46:09,Santiago,10,20,165,Omnívoro,10,iOS (Apple),8 o más,Sí,5,Ateo,De acuerdo,De acuerdo,De acuerdo,Ni de acuerdo ni en desacuerdo,De acuerdo,Ni de acuerdo ni en desacuerdo
8/5/2022 15:26:22,Santiago,1,21,182,Omnívoro,9,iOS (Apple),8 o más,No,3,Ateo,Ni de acuerdo ni en desacuerdo,De acuerdo,De acuerdo,De acuerdo,Ni de acuerdo ni en desacuerdo,En desacuerdo
8/5/2022 21:05:00,Santiago,1,21,170,Omnívoro,50,iOS (Apple),7,No,5,Católica,De acuerdo,De acuerdo,De acuerdo,De acuerdo,En desacuerdo,En desacuerdo
8/7/2022 19:36:34,Santiago,1,21,178,Omnívoro,34,Android,7,No,3,Agnóstico,De acuerdo,De acuerdo,De acuerdo,De acuerdo,De acuerdo,En desacuerdo
8/8/2022 9:56:09,Santiago,1,21,162,Omnívoro,7,iOS (Apple),8 o más,No,3,Prefiero no responder,De acuerdo,De acuerdo,De acuerdo,Ni de acuerdo ni en desacuerdo,De acuerdo,Ni de acuerdo ni en desacuerdo
3/19/2023 18:30:13,Santiago,3,21,176,Omnívoro,10km,Android,6,Sí,5,Agnóstico,De acuerdo,De acuerdo,De acuerdo,Ni de acuerdo ni en desacuerdo,Ni de acuerdo ni en desacuerdo,Ni de acuerdo ni en desacuerdo
3/19/2023 19:48:20,Santiago,3,21,"1,70",Omnívoro,27 km ,iOS (Apple),7,Sí,3,Católica,En desacuerdo,De acuerdo,En desacuerdo,De acuerdo,De acuerdo,De acuerdo
3/19/2023 21:02:06,Santiago,4,21,175,Omnívoro,50,iOS (Apple),7,Sí,3,Ateo,De acuerdo,De acuerdo,De acuerdo,En desacuerdo,De acuerdo,En desacuerdo
3/20/2023 21:44:19,Santiago,5,21,181,Omnívoro,16,iOS (Apple),7,No,2,Católica,En desacuerdo,Ni de acuerdo ni en desacuerdo,De acuerdo,De acuerdo,Ni de acuerdo ni en desacuerdo,En desacuerdo
3/20/2023 23:37:04,Santiago,7,21,172,Omnívoro,10,iOS (Apple),8 o más,Sí,1,Ateo,De acuerdo,De acuerdo,De acuerdo,De acuerdo,En desacuerdo,En desacuerdo
8/7/2022 11:41:14,Santiago,1,22,164,Omnívoro,20,iOS (Apple),7,No,5,Ateo,De acuerdo,De acuerdo,De acuerdo,De acuerdo,De acuerdo,En desacuerdo
3/21/2023 12:23:47,Santiago,10,22,178,Omnívoro,18,iOS (Apple),7,No,5,Iglesia de Jesucristo de los Santos de los Últimos Días,En desacuerdo,En desacuerdo,En desacuerdo,En desacuerdo,En desacuerdo,En desacuerdo
3/21/2023 13:43:43,Santiago,11,23,168,Omnívoro,40,HarmonyOS (Huawei),7,No,4,Católica,De acuerdo,De acuerdo,De acuerdo,De acuerdo,De acuerdo,De acuerdo
8/5/2022 16:21:53,Santiago,1,24,"1,96",Omnívoro,14 km,iOS (Apple),7,No,5,Ateo,De acuerdo,De acuerdo,De acuerdo,De acuerdo,De acuerdo,De acuerdo
8/5/2022 16:53:12,Santiago,1,24,196,Omnívoro,15,iOS (Apple),7,No,5,Ateo,De acuerdo,De acuerdo,De acuerdo,De acuerdo,De acuerdo,De acuerdo
3/21/2023 11:43:51,Santiago,10,24,170,Omnívoro,13,iOS (Apple),7,Sí,5,Ateo,De acuerdo,De acuerdo,De acuerdo,De acuerdo,De acuerdo,De acuerdo
3/20/2023 21:51:16,Santiago,5,25,"1,96",Omnívoro,11,iOS (Apple),8 o más,No,5,Ateo,De acuerdo,De acuerdo,De acuerdo,De acuerdo,De acuerdo,De acuerdo
3/18/2023 17:09:15,Santiago,2,26,158,Omnívoro,11.1,iOS (Apple),7,No,5,Católica,De acuerdo,De acuerdo,De acuerdo,Ni de acuerdo ni en desacuerdo,Ni de acuerdo ni en desacuerdo,Ni de acuerdo ni en desacuerdo
3/17/2023 22:22:10,Viña,2,17,176,Omnívoro,30,Android,8 o más,No,5,Ateo,En desacuerdo,De acuerdo,De acuerdo,De acuerdo,En desacuerdo,En desacuerdo
3/18/2023 9:48:54,Viña,2,17,180,Omnívoro,52,iOS (Apple),8 o más,No,5,Católica,Ni de acuerdo ni en desacuerdo,De acuerdo,De acuerdo,De acuerdo,De acuerdo,Ni de acuerdo ni en desacuerdo
3/19/2023 11:29:10,Viña,2,17,176,Omnívoro,4.4,iOS (Apple),8 o más,Sí,3,Agnóstico,Ni de acuerdo ni en desacuerdo,Ni de acuerdo ni en desacuerdo,Ni de acuerdo ni en desacuerdo,Ni de acuerdo ni en desacuerdo,En desacuerdo,En desacuerdo
8/7/2022 13:35:58,Viña,1,18,1.64,Omnívoro,10 km,iOS (Apple),8 o más,Sí,3,Agnóstico,De acuerdo,Ni de acuerdo ni en desacuerdo,De acuerdo,Ni de acuerdo ni en desacuerdo,De acuerdo,En desacuerdo
3/17/2023 14:07:01,Viña,1,18,150,Omnívoro,33.7,iOS (Apple),8 o más,No,4,Católica,De acuerdo,De acuerdo,De acuerdo,En desacuerdo,De acuerdo,Ni de acuerdo ni en desacuerdo
3/17/2023 14:20:13,Viña,1,18,177,Omnívoro,"8,7",iOS (Apple),8 o más,Sí,4,Católica,De acuerdo,De acuerdo,Ni de acuerdo ni en desacuerdo,Ni de acuerdo ni en desacuerdo,Ni de acuerdo ni en desacuerdo,En desacuerdo
3/17/2023 14:21:39,Viña,1,18,182,Omnívoro,20,iOS (Apple),8 o más,Sí,5,Ateo,De acuerdo,De acuerdo,De acuerdo,Ni de acuerdo ni en desacuerdo,Ni de acuerdo ni en desacuerdo,De acuerdo
3/17/2023 14:22:05,Viña,1,18,161,Omnívoro,3,Android,7,No,4,Ateo,De acuerdo,Ni de acuerdo ni en desacuerdo,De acuerdo,En desacuerdo,De acuerdo,Ni de acuerdo ni en desacuerdo
3/17/2023 14:26:07,Viña,1,18,170,Omnívoro,10,iOS (Apple),8 o más,Sí,5,Católica,Ni de acuerdo ni en desacuerdo,Ni de acuerdo ni en desacuerdo,Ni de acuerdo ni en desacuerdo,De acuerdo,De acuerdo,Ni de acuerdo ni en desacuerdo
3/17/2023 14:35:39,Viña,1,18,174,Omnívoro,9,Android,8 o más,No,5,Católica,En desacuerdo,En desacuerdo,En desacuerdo,Ni de acuerdo ni en desacuerdo,De acuerdo,En desacuerdo
3/17/2023 14:36:01,Viña,1,18,189,Omnívoro,12k,iOS (Apple),8 o más,No,5,Católica,En desacuerdo,En desacuerdo,En desacuerdo,En desacuerdo,De acuerdo,En desacuerdo
3/17/2023 14:48:29,Viña,1,18,158,Omnívoro,"20,8",iOS (Apple),8 o más,Sí,5,Católica,De acuerdo,De acuerdo,De acuerdo,Ni de acuerdo ni en desacuerdo,De acuerdo,Ni de acuerdo ni en desacuerdo
3/17/2023 15:13:09,Viña,1,18,1.63,Omnívoro,24,Android,8 o más,Sí,5,Agnóstico,De acuerdo,De acuerdo,De acuerdo,De acuerdo,De acuerdo,De acuerdo
3/17/2023 16:43:44,Viña,1,18,168,Omnívoro,"16,9 ",iOS (Apple),8 o más,No,4,Prefiero no responder,De acuerdo,De acuerdo,De acuerdo,Ni de acuerdo ni en desacuerdo,Ni de acuerdo ni en desacuerdo,Ni de acuerdo ni en desacuerdo
3/18/2023 12:35:51,Viña,2,18,1.71,Omnívoro,1.8,iOS (Apple),8 o más,No,5,Católica,De acuerdo,De acuerdo,De acuerdo,De acuerdo,De acuerdo,Ni de acuerdo ni en desacuerdo
3/18/2023 12:39:41,Viña,2,18,188,Omnívoro,6,iOS (Apple),7,No,3,Ateo,De acuerdo,De acuerdo,De acuerdo,De acuerdo,De acuerdo,De acuerdo
3/18/2023 12:57:06,Viña,2,18,172,Omnívoro,"3,3",Android,3,No,5,Evangélica,En desacuerdo,En desacuerdo,Ni de acuerdo ni en desacuerdo,Ni de acuerdo ni en desacuerdo,De acuerdo,De acuerdo
3/18/2023 13:35:53,Viña,2,18,182,Omnívoro,"1,8 km",Android,7,No,5,Católica,De acuerdo,De acuerdo,De acuerdo,En desacuerdo,De acuerdo,De acuerdo
3/18/2023 14:45:26,Viña,2,18,172,Omnívoro,12 km,iOS (Apple),7,Sí,4,Católica,En desacuerdo,De acuerdo,En desacuerdo,Ni de acuerdo ni en desacuerdo,En desacuerdo,En desacuerdo
3/18/2023 15:11:58,Viña,2,18,174,Omnívoro,"4,4",iOS (Apple),6,No,5,Ateo,De acuerdo,De acuerdo,De acuerdo,Ni de acuerdo ni en desacuerdo,En desacuerdo,En desacuerdo
3/18/2023 15:15:00,Viña,2,18,170,Omnívoro,53,Android,5,No,3,Agnóstico,Ni de acuerdo ni en desacuerdo,De acuerdo,Ni de acuerdo ni en desacuerdo,En desacuerdo,De acuerdo,En desacuerdo
3/18/2023 15:32:29,Viña,2,18,"1,69",Omnívoro,9,iOS (Apple),7,No,4,Prefiero no responder,Ni de acuerdo ni en desacuerdo,De acuerdo,Ni de acuerdo ni en desacuerdo,Ni de acuerdo ni en desacuerdo,Ni de acuerdo ni en desacuerdo,Ni de acuerdo ni en desacuerdo
3/18/2023 15:34:21,Viña,2,18,155,Omnívoro,"8,4 km",iOS (Apple),8 o más,Sí,5,Católica,En desacuerdo,De acuerdo,De acuerdo,Ni de acuerdo ni en desacuerdo,De acuerdo,En desacuerdo
3/18/2023 15:37:17,Viña,2,18,179,Omnívoro,13KM,iOS (Apple),7,Sí,5,,En desacuerdo,En desacuerdo,Ni de acuerdo ni en desacuerdo,Ni de acuerdo ni en desacuerdo,En desacuerdo,Ni de acuerdo ni en desacuerdo
3/18/2023 15:49:01,Viña,2,18,174,Omnívoro,10,Android,8 o más,Sí,5,Católica,En desacuerdo,De acuerdo,Ni de acuerdo ni en desacuerdo,En desacuerdo,De acuerdo,Ni de acuerdo ni en desacuerdo
3/18/2023 16:45:04,Viña,2,18,159,Omnívoro,"2,8",iOS (Apple),6,Sí,5,Ateo,De acuerdo,Ni de acuerdo ni en desacuerdo,De acuerdo,Ni de acuerdo ni en desacuerdo,De acuerdo,Ni de acuerdo ni en desacuerdo
3/18/2023 16:47:48,Viña,2,18,1.7,Omnívoro,4 kilómetros ,iOS (Apple),8 o más,Sí,4,Católica,De acuerdo,Ni de acuerdo ni en desacuerdo,De acuerdo,Ni de acuerdo ni en desacuerdo,Ni de acuerdo ni en desacuerdo,De acuerdo
3/18/2023 17:11:34,Viña,2,18,1.67,Omnívoro,5,Android,7,No,5,Prefiero no responder,De acuerdo,De acuerdo,De acuerdo,En desacuerdo,En desacuerdo,Ni de acuerdo ni en desacuerdo
3/18/2023 17:17:08,Viña,2,18,174,Omnívoro,"39,3km",Android,7,No,5,Agnóstico,Ni de acuerdo ni en desacuerdo,De acuerdo,De acuerdo,De acuerdo,De acuerdo,Ni de acuerdo ni en desacuerdo
3/18/2023 17:29:17,Viña,2,18,175,Omnívoro,8,iOS (Apple),8 o más,Sí,5,Católica,En desacuerdo,En desacuerdo,Ni de acuerdo ni en desacuerdo,En desacuerdo,Ni de acuerdo ni en desacuerdo,En desacuerdo
3/18/2023 17:34:49,Viña,2,18,176,Omnívoro,,iOS (Apple),8 o más,No,5,Católica,De acuerdo,De acuerdo,De acuerdo,De acuerdo,De acuerdo,De acuerdo
3/18/2023 17:56:01,Viña,2,18,190,Omnívoro,20,iOS (Apple),8 o más,No,5,Otra Religión,De acuerdo,De acuerdo,De acuerdo,De acuerdo,De acuerdo,De acuerdo
3/18/2023 18:13:06,Viña,2,18,"1,67",Omnívoro,23,iOS (Apple),4,No,5,Católica,En desacuerdo,En desacuerdo,En desacuerdo,En desacuerdo,Ni de acuerdo ni en desacuerdo,En desacuerdo
3/19/2023 11:36:39,Viña,2,18,1.64,Omnívoro,6.9,Android,7,Sí,4,Agnóstico,De acuerdo,De acuerdo,De acuerdo,De acuerdo,Ni de acuerdo ni en desacuerdo,De acuerdo
3/19/2023 12:31:20,Viña,2,18,1.7,Omnívoro,"2,2",iOS (Apple),8 o más,Sí,5,Ateo,De acuerdo,De acuerdo,De acuerdo,De acuerdo,De acuerdo,Ni de acuerdo ni en desacuerdo
3/19/2023 13:23:19,Viña,2,18,1.9,Omnívoro,8,iOS (Apple),7,Sí,5,Católica,Ni de acuerdo ni en desacuerdo,De acuerdo,De acuerdo,Ni de acuerdo ni en desacuerdo,De acuerdo,Ni de acuerdo ni en desacuerdo
3/19/2023 13:48:27,Viña,3,18,171,Omnívoro,14,iOS (Apple),8 o más,No,4,Prefiero no responder,De acuerdo,Ni de acuerdo ni en desacuerdo,De acuerdo,Ni de acuerdo ni en desacuerdo,Ni de acuerdo ni en desacuerdo,Ni de acuerdo ni en desacuerdo
3/19/2023 14:10:10,Viña,3,18,183,Omnívoro,5km,iOS (Apple),8 o más,Sí,5,Otra Religión,De acuerdo,De acuerdo,De acuerdo,De acuerdo,Ni de acuerdo ni en desacuerdo,En desacuerdo
3/19/2023 17:07:13,Viña,3,18,178,Omnívoro,18,iOS (Apple),8 o más,Sí,3,Prefiero no responder,Ni de acuerdo ni en desacuerdo,Ni de acuerdo ni en desacuerdo,Ni de acuerdo ni en desacuerdo,En desacuerdo,Ni de acuerdo ni en desacuerdo,En desacuerdo
3/19/2023 18:04:17,Viña,3,18,"1,70",Omnívoro,8,iOS (Apple),8 o más,No,3,Católica,En desacuerdo,Ni de acuerdo ni en desacuerdo,De acuerdo,En desacuerdo,De acuerdo,En desacuerdo
3/19/2023 18:12:47,Viña,3,18,178?,Omnívoro,7km,iOS (Apple),7,No,4,Católica,Ni de acuerdo ni en desacuerdo,Ni de acuerdo ni en desacuerdo,Ni de acuerdo ni en desacuerdo,Ni de acuerdo ni en desacuerdo,Ni de acuerdo ni en desacuerdo,Ni de acuerdo ni en desacuerdo
3/19/2023 19:14:27,Viña,3,18,180,Omnívoro,41,iOS (Apple),8 o más,No,3,Ateo,Ni de acuerdo ni en desacuerdo,De acuerdo,De acuerdo,De acuerdo,De acuerdo,Ni de acuerdo ni en desacuerdo
3/19/2023 20:56:57,Viña,4,18,1.59,Omnívoro,9.3 km ,iOS (Apple),7,No,4,Ateo,De acuerdo,De acuerdo,De acuerdo,Ni de acuerdo ni en desacuerdo,Ni de acuerdo ni en desacuerdo,Ni de acuerdo ni en desacuerdo
3/19/2023 22:54:03,Viña,4,18,1.78,Omnívoro,4.7,iOS (Apple),8 o más,No,5,Ateo,De acuerdo,De acuerdo,De acuerdo,De acuerdo,De acuerdo,En desacuerdo
3/19/2023 23:55:47,Viña,4,18,185,Omnívoro,12,Android,6,No,5,Católica,En desacuerdo,De acuerdo,De acuerdo,Ni de acuerdo ni en desacuerdo,De acuerdo,En desacuerdo
3/20/2023 0:04:28,Viña,4,18,1.78,Omnívoro,14 km,Android,5,Sí,5,Agnóstico,Ni de acuerdo ni en desacuerdo,De acuerdo,De acuerdo,Ni de acuerdo ni en desacuerdo,En desacuerdo,En desacuerdo
3/20/2023 8:21:38,Viña,4,18,1.65,Omnívoro,10 km,iOS (Apple),8 o más,No,5,Católica,De acuerdo,De acuerdo,De acuerdo,De acuerdo,De acuerdo,Ni de acuerdo ni en desacuerdo
3/20/2023 8:39:56,Viña,4,18,1.67,Omnívoro,10km ,iOS (Apple),8 o más,Sí,5,Agnóstico,De acuerdo,De acuerdo,De acuerdo,Ni de acuerdo ni en desacuerdo,Ni de acuerdo ni en desacuerdo,Ni de acuerdo ni en desacuerdo
3/20/2023 8:49:02,Viña,4,18,"1,68",Omnívoro,7km,Android,8 o más,No,5,Testigos de Jehová,En desacuerdo,De acuerdo,De acuerdo,De acuerdo,En desacuerdo,En desacuerdo
3/20/2023 8:49:26,Viña,4,18,176,Omnívoro,40,Android,8 o más,Sí,5,Católica,Ni de acuerdo ni en desacuerdo,De acuerdo,Ni de acuerdo ni en desacuerdo,Ni de acuerdo ni en desacuerdo,Ni de acuerdo ni en desacuerdo,En desacuerdo
3/20/2023 8:50:11,Viña,4,18,157,Omnívoro,40min,iOS (Apple),7,No,5,Ateo,De acuerdo,De acuerdo,De acuerdo,Ni de acuerdo ni en desacuerdo,De acuerdo,Ni de acuerdo ni en desacuerdo
3/20/2023 8:50:20,Viña,4,18,182,Omnívoro,9,Android,7,No,5,Prefiero no responder,Ni de acuerdo ni en desacuerdo,De acuerdo,De acuerdo,En desacuerdo,Ni de acuerdo ni en desacuerdo,En desacuerdo
3/20/2023 9:08:41,Viña,4,18,1.7,Omnívoro,5,iOS (Apple),7,No,5,Prefiero no responder,De acuerdo,De acuerdo,De acuerdo,De acuerdo,De acuerdo,De acuerdo
3/21/2023 10:47:09,Viña,10,18,172,Omnívoro,"22,7 km",iOS (Apple),8 o más,Sí,5,Católica,En desacuerdo,Ni de acuerdo ni en desacuerdo,Ni de acuerdo ni en desacuerdo,En desacuerdo,Ni de acuerdo ni en desacuerdo,En desacuerdo
8/5/2022 18:09:44,Viña,1,19,173,Omnívoro,20,iOS (Apple),8 o más,No,5,Católica,En desacuerdo,De acuerdo,Ni de acuerdo ni en desacuerdo,De acuerdo,De acuerdo,En desacuerdo
8/5/2022 19:47:37,Viña,1,19,170,Omnívoro,"2,5 ",iOS (Apple),5,No,4,Católica,Ni de acuerdo ni en desacuerdo,Ni de acuerdo ni en desacuerdo,De acuerdo,Ni de acuerdo ni en desacuerdo,Ni de acuerdo ni en desacuerdo,En desacuerdo
8/8/2022 8:57:32,Viña,1,19,162,Omnívoro,10,iOS (Apple),8 o más,No,2,Católica,De acuerdo,De acuerdo,De acuerdo,De acuerdo,De acuerdo,Ni de acuerdo ni en desacuerdo
8/8/2022 11:15:01,Viña,1,19,"1,79",Omnívoro,13,iOS (Apple),8 o más,Sí,2,Ateo,De acuerdo,De acuerdo,De acuerdo,De acuerdo,Ni de acuerdo ni en desacuerdo,Ni de acuerdo ni en desacuerdo
3/17/2023 14:06:53,Viña,1,19,188,Omnívoro,9.2 km,iOS (Apple),8 o más,Sí,2,Católica,De acuerdo,De acuerdo,De acuerdo,En desacuerdo,En desacuerdo,En desacuerdo
3/17/2023 14:09:01,Viña,1,19,187,Omnívoro,3,iOS (Apple),7,No,5,Ateo,Ni de acuerdo ni en desacuerdo,De acuerdo,De acuerdo,De acuerdo,De acuerdo,Ni de acuerdo ni en desacuerdo
3/17/2023 15:25:56,Viña,1,19,160,Omnívoro,"5,5",iOS (Apple),7,Sí,4,Ateo,De acuerdo,De acuerdo,De acuerdo,Ni de acuerdo ni en desacuerdo,Ni de acuerdo ni en desacuerdo,En desacuerdo
3/17/2023 19:02:31,Viña,1,19,177cm,Omnívoro,"2,7 km",iOS (Apple),8 o más,No,5,Prefiero no responder,Ni de acuerdo ni en desacuerdo,De acuerdo,De acuerdo,Ni de acuerdo ni en desacuerdo,De acuerdo,En desacuerdo
3/17/2023 19:08:13,Viña,1,19,"1,89",Omnívoro,"2,3 ",iOS (Apple),8 o más,No,5,Ateo,Ni de acuerdo ni en desacuerdo,De acuerdo,De acuerdo,Ni de acuerdo ni en desacuerdo,En desacuerdo,En desacuerdo
3/17/2023 19:52:51,Viña,1,19,166,Omnívoro,42,iOS (Apple),7,Sí,4,Agnóstico,De acuerdo,Ni de acuerdo ni en desacuerdo,De acuerdo,Ni de acuerdo ni en desacuerdo,Ni de acuerdo ni en desacuerdo,Ni de acuerdo ni en desacuerdo
3/17/2023 19:53:36,Viña,1,19,166,Omnívoro,42,iOS (Apple),7,Sí,4,Agnóstico,De acuerdo,Ni de acuerdo ni en desacuerdo,De acuerdo,Ni de acuerdo ni en desacuerdo,Ni de acuerdo ni en desacuerdo,Ni de acuerdo ni en desacuerdo
3/18/2023 11:43:09,Viña,2,19,180,Omnívoro,5,iOS (Apple),6,No,5,Católica,Ni de acuerdo ni en desacuerdo,Ni de acuerdo ni en desacuerdo,Ni de acuerdo ni en desacuerdo,En desacuerdo,Ni de acuerdo ni en desacuerdo,En desacuerdo
3/18/2023 12:38:18,Viña,2,19,183,Omnívoro,4 km,Android,8 o más,No,5,Agnóstico,En desacuerdo,De acuerdo,En desacuerdo,Ni de acuerdo ni en desacuerdo,De acuerdo,Ni de acuerdo ni en desacuerdo
3/18/2023 13:13:08,Viña,2,19,165,Omnívoro,"6,4",iOS (Apple),7,Sí,4,Ateo,De acuerdo,De acuerdo,De acuerdo,Ni de acuerdo ni en desacuerdo,De acuerdo,En desacuerdo
3/18/2023 14:35:47,Viña,2,19,157,Omnívoro,9,Android,8 o más,Sí,5,Católica,De acuerdo,De acuerdo,De acuerdo,Ni de acuerdo ni en desacuerdo,De acuerdo,Ni de acuerdo ni en desacuerdo
3/18/2023 15:11:25,Viña,2,19,1.59,Omnívoro,10,iOS (Apple),7,No,2,Católica,De acuerdo,De acuerdo,De acuerdo,Ni de acuerdo ni en desacuerdo,De acuerdo,Ni de acuerdo ni en desacuerdo
3/18/2023 15:32:41,Viña,2,19,173,Omnívoro,4km,iOS (Apple),8 o más,Sí,4,Evangélica,En desacuerdo,Ni de acuerdo ni en desacuerdo,Ni de acuerdo ni en desacuerdo,De acuerdo,En desacuerdo,En desacuerdo
3/18/2023 17:22:20,Viña,2,19,184,Omnívoro,8,iOS (Apple),8 o más,No,5,Católica,Ni de acuerdo ni en desacuerdo,Ni de acuerdo ni en desacuerdo,Ni de acuerdo ni en desacuerdo,Ni de acuerdo ni en desacuerdo,De acuerdo,En desacuerdo
3/18/2023 23:04:48,Viña,2,19,170,Omnívoro,29,iOS (Apple),8 o más,Sí,1,Ateo,Ni de acuerdo ni en desacuerdo,Ni de acuerdo ni en desacuerdo,De acuerdo,De acuerdo,En desacuerdo,En desacuerdo
3/19/2023 16:19:48,Viña,3,19,"1,60",Omnívoro,"6,1",iOS (Apple),8 o más,No,5,Prefiero no responder,De acuerdo,De acuerdo,De acuerdo,Ni de acuerdo ni en desacuerdo,De acuerdo,Ni de acuerdo ni en desacuerdo
3/19/2023 16:26:43,Viña,3,19,180,Omnívoro,"5,5",iOS (Apple),8 o más,No,5,Prefiero no responder,Ni de acuerdo ni en desacuerdo,De acuerdo,De acuerdo,Ni de acuerdo ni en desacuerdo,De acuerdo,En desacuerdo
3/19/2023 16:29:19,Viña,3,19,190,Omnívoro,6,iOS (Apple),8 o más,No,5,Católica,En desacuerdo,Ni de acuerdo ni en desacuerdo,De acuerdo,Ni de acuerdo ni en desacuerdo,De acuerdo,En desacuerdo
3/19/2023 16:42:13,Viña,3,19,178,Omnívoro,7.7 km,iOS (Apple),8 o más,No,3,Católica,En desacuerdo,De acuerdo,De acuerdo,De acuerdo,De acuerdo,Ni de acuerdo ni en desacuerdo
3/19/2023 17:00:59,Viña,3,19,175,Omnívoro,7 km,iOS (Apple),6,Sí,5,Otra Religión,De acuerdo,De acuerdo,De acuerdo,Ni de acuerdo ni en desacuerdo,Ni de acuerdo ni en desacuerdo,De acuerdo
3/19/2023 17:12:03,Viña,3,19,"1,73",Omnívoro,10km,iOS (Apple),7,No,5,Ateo,De acuerdo,De acuerdo,Ni de acuerdo ni en desacuerdo,De acuerdo,De acuerdo,En desacuerdo
3/19/2023 17:46:26,Viña,3,19,165,Omnívoro,50,iOS (Apple),8 o más,No,5,Católica,En desacuerdo,De acuerdo,De acuerdo,En desacuerdo,Ni de acuerdo ni en desacuerdo,En desacuerdo
3/19/2023 18:01:40,Viña,3,19,1.84,Omnívoro,15,Android,8 o más,No,4,Católica,Ni de acuerdo ni en desacuerdo,Ni de acuerdo ni en desacuerdo,En desacuerdo,Ni de acuerdo ni en desacuerdo,En desacuerdo,En desacuerdo
3/19/2023 20:08:55,Viña,4,19,164,Omnívoro,12.3,iOS (Apple),8 o más,No,4,Católica,En desacuerdo,Ni de acuerdo ni en desacuerdo,Ni de acuerdo ni en desacuerdo,Ni de acuerdo ni en desacuerdo,De acuerdo,En desacuerdo
3/19/2023 22:19:09,Viña,4,19,154,Omnívoro,10,iOS (Apple),6,Sí,5,Agnóstico,De acuerdo,Ni de acuerdo ni en desacuerdo,De acuerdo,Ni de acuerdo ni en desacuerdo,De acuerdo,Ni de acuerdo ni en desacuerdo
3/20/2023 8:59:12,Viña,4,19,1.84,Omnívoro,14 km,iOS (Apple),7,Sí,3,Ateo,De acuerdo,De acuerdo,De acuerdo,De acuerdo,De acuerdo,En desacuerdo
3/20/2023 9:21:50,Viña,4,19,166,Omnívoro,9,Android,8 o más,Sí,5,Católica,En desacuerdo,Ni de acuerdo ni en desacuerdo,En desacuerdo,En desacuerdo,De acuerdo,En desacuerdo
3/20/2023 22:24:12,Viña,5,19,183,Omnívoro,18 km,iOS (Apple),8 o más,Sí,5,Católica,Ni de acuerdo ni en desacuerdo,De acuerdo,Ni de acuerdo ni en desacuerdo,De acuerdo,De acuerdo,En desacuerdo
3/20/2023 22:27:32,Viña,5,19,"1,64",Omnívoro,10km,iOS (Apple),8 o más,Sí,4,Prefiero no responder,Ni de acuerdo ni en desacuerdo,De acuerdo,De acuerdo,Ni de acuerdo ni en desacuerdo,De acuerdo,De acuerdo
3/17/2023 14:08:25,Viña,1,20,170,Omnívoro,8,iOS (Apple),4,Sí,5,Otra Religión,De acuerdo,En desacuerdo,De acuerdo,En desacuerdo,Ni de acuerdo ni en desacuerdo,En desacuerdo
3/17/2023 14:39:32,Viña,1,20,163,Omnívoro,"5,5",Android,7,Sí,4,Agnóstico,De acuerdo,De acuerdo,De acuerdo,Ni de acuerdo ni en desacuerdo,Ni de acuerdo ni en desacuerdo,De acuerdo
3/17/2023 15:41:05,Viña,1,20,190,Omnívoro,4,iOS (Apple),8 o más,Sí,5,Católica,Ni de acuerdo ni en desacuerdo,De acuerdo,Ni de acuerdo ni en desacuerdo,Ni de acuerdo ni en desacuerdo,Ni de acuerdo ni en desacuerdo,Ni de acuerdo ni en desacuerdo
3/18/2023 11:27:06,Viña,2,20,180,Omnívoro,"5,5",iOS (Apple),7,Sí,5,Católica,Ni de acuerdo ni en desacuerdo,Ni de acuerdo ni en desacuerdo,De acuerdo,Ni de acuerdo ni en desacuerdo,En desacuerdo,En desacuerdo
3/18/2023 14:14:17,Viña,2,20,168,Omnívoro,12.2 km,iOS (Apple),7,No,4,Prefiero no responder,De acuerdo,De acuerdo,De acuerdo,De acuerdo,De acuerdo,Ni de acuerdo ni en desacuerdo
3/18/2023 17:37:52,Viña,2,20,174,Omnívoro,31,iOS (Apple),7,No,5,Católica,Ni de acuerdo ni en desacuerdo,Ni de acuerdo ni en desacuerdo,En desacuerdo,En desacuerdo,De acuerdo,Ni de acuerdo ni en desacuerdo
3/18/2023 18:24:18,Viña,2,20,161,Omnívoro,9,iOS (Apple),8 o más,Sí,5,Prefiero no responder,De acuerdo,Ni de acuerdo ni en desacuerdo,De acuerdo,De acuerdo,En desacuerdo,En desacuerdo
3/19/2023 20:45:02,Viña,4,20,"1,75",Omnívoro,,iOS (Apple),8 o más,No,4,Agnóstico,De acuerdo,De acuerdo,De acuerdo,De acuerdo,Ni de acuerdo ni en desacuerdo,De acuerdo
3/20/2023 8:51:25,Viña,4,20,162,Omnívoro,10,iOS (Apple),8 o más,Sí,1,Católica,De acuerdo,De acuerdo,De acuerdo,Ni de acuerdo ni en desacuerdo,De acuerdo,Ni de acuerdo ni en desacuerdo
3/17/2023 21:21:27,Viña,1,21,"1,80",Omnívoro,4,iOS (Apple),7,Sí,5,Prefiero no responder,En desacuerdo,En desacuerdo,En desacuerdo,En desacuerdo,En desacuerdo,En desacuerdo
3/19/2023 16:00:30,Viña,3,21,175,Omnívoro,10,iOS (Apple),8 o más,Sí,5,Agnóstico,De acuerdo,De acuerdo,De acuerdo,De acuerdo,De acuerdo,De acuerdo
3/20/2023 1:11:59,Viña,4,21,"1,63",Omnívoro,4.8,iOS (Apple),5,No,4,Católica,Ni de acuerdo ni en desacuerdo,En desacuerdo,De acuerdo,En desacuerdo,En desacuerdo,En desacuerdo
3/20/2023 10:17:23,Viña,4,21,"1,70",Omnívoro,"7,6",iOS (Apple),7,No,5,Agnóstico,En desacuerdo,En desacuerdo,De acuerdo,En desacuerdo,Ni de acuerdo ni en desacuerdo,De acuerdo
3/17/2023 15:22:26,Viña,1,22,173,Omnívoro,13,iOS (Apple),5,Sí,5,Agnóstico,De acuerdo,Ni de acuerdo ni en desacuerdo,De acuerdo,De acuerdo,De acuerdo,De acuerdo
8/7/2022 22:56:35,Viña,1,24,1.65,Omnívoro,23,iOS (Apple),6,Sí,3,Prefiero no responder,De acuerdo,De acuerdo,De acuerdo,De acuerdo,De acuerdo,De acuerdo
3/18/2023 14:51:18,Viña,2,,163,Omnívoro,33,HarmonyOS (Huawei),5,Sí,5,Agnóstico,De acuerdo,De acuerdo,De acuerdo,De acuerdo,De acuerdo,De acuerdo